x,Original,p=0,p=0.2,p=0.5,p=0.8,p=0.99
0,3.14605,3.14605,1.97332,1.03543,0.469121,5.57027e-05
1,-1.415,-1.415,1.02756,0.953464,0.458723,-9.46152e-06
2,6.79697,6.79697,4.02142,1.05546,0.462882,0.00012899
3,2.96812,2.96812,2.5386,0.711508,0.417832,6.62785e-05
4,0.40865,0.40865,0.363005,0.192287,0.352969,8.25688e-06
5,-2.98402,-2.98402,-1.88621,-0.343739,0.287674,-5.7194e-05
6,-1.1692,-1.1692,-2.36478,-0.674695,0.247796,-3.95772e-05
7,-7.66692,-7.66692,-4.77169,-0.967242,0.218926,-0.000149063
8,-3.03691,-3.03691,-2.50888,-0.739427,0.25132,-6.47743e-05
9,2.62024,2.62024,0.6056,-0.333165,0.309259,4.29888e-05
10,0.25727,0.25727,0.470657,-0.156295,0.349245,1.05494e-05
11,1.28168,1.28168,0.679888,-0.0115462,0.389946,2.31965e-05
12,-0.890954,-0.890954,-0.0815137,0.0327579,0.423718,-1.25678e-05
13,1.03511,1.03511,0.462633,0.148807,0.467705,1.84005e-05
14,0.437205,0.437205,0.0834318,0.196016,0.507283,7.16988e-06
15,-1.33618,-1.33618,-0.866371,0.224493,0.547405,-2.74832e-05
16,-2.34694,-2.34694,-1.05842,0.374187,0.602161,-4.2358e-05
17,1.8905,1.8905,0.827786,0.73523,0.679828,3.25136e-05
18,0.791689,0.791689,0.999941,1.00654,0.748089,2.01533e-05
19,1.54975,1.54975,1.50799,1.29455,0.816011,3.20588e-05
20,0.491689,0.491689,1.94868,1.56273,0.878234,2.2725e-05
21,5.79497,5.79497,4.73935,1.91409,0.943459,0.000123396
22,9.12666,9.12666,5.82742,1.96403,0.970994,0.000177372
23,-1.30753,-1.30753,1.59411,1.45765,0.935169,8.63351e-09
24,5.73113,5.73113,2.04088,1.16604,0.916767,9.21806e-05
25,-7.73436,-7.73436,-3.46438,0.519861,0.860963,-0.00013948
26,-3.7727,-3.7727,-2.08258,0.514785,0.871935,-7.43437e-05
27,4.27494,4.27494,2.02522,0.842717,0.918989,7.69064e-05
28,2.53695,2.53695,2.50442,0.904069,0.939972,6.23715e-05
29,5.77738,5.77738,2.93115,0.838595,0.948549,0.00010505
30,-4.01954,-4.01954,-1.23281,0.389527,0.919611,-6.59521e-05
31,-0.714104,-0.714104,-0.902042,0.28291,0.929045,-2.19344e-05
32,-2.07506,-2.07506,-0.874403,0.253731,0.951244,-3.47347e-05
33,3.36296,3.36296,1.08978,0.405429,0.996953,5.70762e-05
34,-0.571339,-0.571339,-0.612458,0.327416,1.02428,-1.33683e-05
35,-4.95758,-4.95758,-2.38102,0.319209,1.06401,-9.03902e-05
36,1.22529,1.22529,0.00616939,0.72085,1.15051,1.36566e-05
37,-1.03507,-1.03507,0.427028,1.08331,1.23644,-7.80472e-06
38,6.07982,6.07982,3.20611,1.61031,1.34001,0.000111461
39,0.185497,0.185497,1.35019,1.79015,1.40675,1.43409e-05
40,0.205429,0.205429,1.37279,2.09464,1.48299,1.23568e-05
41,3.92915,3.92915,3.27823,2.54585,1.56915,8.29515e-05
42,6.02732,6.02732,4.13381,2.88963,1.63698,0.00011524
43,-2.94276,-2.94276,1.93534,2.9897,1.6707,-2.28987e-05
44,12.3077,12.3077,7.60478,3.55055,1.74026,0.000232459
45,4.30208,4.30208,5.68881,3.43123,1.72772,0.000113209
46,7.96678,7.96678,6.00952,3.24427,1.69519,0.000160176
47,2.06772,2.06772,3.17334,2.69051,1.61393,5.49155e-05
48,1.30775,1.30775,2.12044,2.18512,1.52914,3.42301e-05
49,2.91229,2.91229,2.37831,1.74788,1.44608,6.2368e-05
50,4.02803,4.02803,1.77491,1.2202,1.35162,7.03356e-05
51,-5.52262,-5.52262,-2.46255,0.474433,1.23638,-9.77025e-05
52,-1.25703,-1.25703,-1.76441,0.194458,1.17364,-3.62299e-05
53,-2.66984,-2.66984,-1.88463,0.0272202,1.12978,-5.26303e-05
54,-0.238288,-0.238288,-0.738371,0.0694625,1.11545,-8.27e-06
55,0.753662,0.753662,-0.398702,0.135608,1.11163,8.28919e-06
56,-2.4653,-2.4653,-1.91768,0.153749,1.11059,-5.33806e-05
57,-5.74993,-5.74993,-2.55341,0.375311,1.13733,-0.000103417
58,3.84084,3.84084,1.96652,1.07262,1.21758,6.97539e-05
59,4.9229,4.9229,3.46336,1.55492,1.27745,0.000100085
60,1.68302,1.68302,2.60609,1.77563,1.30899,4.66548e-05
61,3.92932,3.92932,3.23765,2.00353,1.33764,8.02577e-05
62,1.972,1.972,2.75359,2.08186,1.34614,5.04671e-05
63,3.77458,3.77458,3.53017,2.16872,1.34979,8.36082e-05
64,5.92521,5.92521,3.91253,2.13086,1.3346,0.000116404
65,0.220082,0.220082,1.04865,1.79828,1.28374,1.06412e-05
66,-2.35418,-2.35418,-0.478851,1.58829,1.24115,-4.15175e-05
67,-0.1118,-0.1118,1.01838,1.68451,1.22648,5.37798e-06
68,6.21937,6.21937,4.33846,1.92024,1.22222,0.000125326
69,6.1281,6.1281,4.62484,1.82207,1.17913,0.000129066
70,3.67044,3.67044,2.4866,1.38944,1.0976,7.019e-05
71,-5.79738,-5.79738,-1.56104,0.779649,0.996078,-9.23543e-05
72,5.51738,5.51738,1.22413,0.680696,0.947333,8.09716e-05
73,-7.81013,-7.81013,-2.91531,0.206078,0.863084,-0.000129724
74,4.29641,4.29641,0.840141,0.354078,0.846216,6.27201e-05
75,-3.05651,-3.05651,-0.979042,0.195878,0.802544,-4.69712e-05
76,2.36478,2.36478,0.552521,0.29029,0.788852,3.64106e-05
77,-1.69167,-1.69167,-0.838913,0.223577,0.762918,-2.89391e-05
78,-0.261851,-0.261851,-0.854934,0.30562,0.756052,-1.47911e-05
79,-4.96947,-4.96947,-1.82754,0.431739,0.757094,-8.42313e-05
80,5.05382,5.05382,2.26748,0.977369,0.802625,8.71221e-05
81,0.683982,0.683982,1.86839,1.20638,0.815129,2.71806e-05
82,3.42535,3.42535,3.37963,1.47597,0.828652,7.90515e-05
83,8.61952,8.61952,4.81714,1.59415,0.822001,0.000160171
84,-3.46034,-3.46034,0.121765,1.16667,0.754774,-4.54991e-05
85,2.21394,2.21394,1.20397,1.09856,0.720292,3.88152e-05
86,1.75464,1.75464,0.657193,0.943829,0.674207,2.78445e-05
87,-5.13159,-5.13159,-1.65967,0.726118,0.619728,-8.5781e-05
88,3.54262,3.54262,1.62335,0.963376,0.60993,6.03864e-05
89,1.52103,1.52103,1.81078,1.0003,0.577348,3.80567e-05
90,2.48475,2.48475,2.46555,0.996787,0.537435,5.61843e-05
91,3.95732,3.95732,3.08935,0.877701,0.482394,8.47435e-05
92,4.76045,4.76045,2.31319,0.51942,0.400357,8.58563e-05
93,-5.33862,-5.33862,-2.41017,-0.168261,0.284447,-9.56396e-05
94,-3.14888,-3.14888,-2.41021,-0.45436,0.212222,-6.63589e-05
95,0.489499,0.489499,-1.21885,-0.531176,0.166108,-5.26537e-06
96,-5.04661,-5.04661,-2.7829,-0.687268,0.117482,-9.40137e-05
97,-0.835193,-0.835193,-0.695788,-0.504771,0.108975,-1.70429e-05
98,4.15336,4.15336,1.61617,-0.296609,0.107803,7.35529e-05
99,-0.532665,-0.532665,-0.164137,-0.434077,0.0752013,-7.76666e-06
100,-2.74764,-2.74764,-1.35004,-0.563887,0.0473224,-5.15412e-05
101,-0.462236,-0.462236,-0.281749,-0.524085,0.041157,-8.39316e-06
102,2.91289,2.91289,1.07765,-0.489087,0.0389023,5.19598e-05
103,-0.165031,-0.165031,-0.523022,-0.71832,0.0143202,-4.77263e-06
104,-3.42163,-3.42163,-2.7011,-0.990528,-0.00886858,-7.18788e-05
105,-4.83539,-4.83539,-3.71702,-1.07391,-0.00554427,-0.000102297
106,-4.40762,-4.40762,-2.92911,-0.865141,0.0353021,-8.75585e-05
107,1.48361,1.48361,0.243476,-0.381227,0.110665,2.12463e-05
108,0.28372,0.28372,1.41585,-0.0421553,0.175361,2.18895e-05
109,9.26509,9.26509,4.41423,0.271606,0.239216,0.000167627
110,-2.55828,-2.55828,-0.411373,-0.113156,0.23295,-3.71275e-05
111,-2.94191,-2.94191,-1.77423,-0.308006,0.248369,-5.99421e-05
112,-1.49887,-1.49887,-1.25373,-0.298281,0.288572,-3.39248e-05
113,-1.12777,-1.12777,-0.337852,-0.195307,0.342662,-1.45075e-05
114,6.34881,6.34881,1.85208,-0.0199094,0.408175,0.000102406
115,-8.01205,-8.01205,-3.21078,-0.339169,0.427537,-0.000136715
116,0.822829,0.822829,-0.529661,-0.0624775,0.512464,3.90181e-06
117,0.873732,0.873732,-0.0299777,0.145453,0.594979,1.12345e-05
118,-3.57371,-3.57371,-0.98789,0.296817,0.67533,-5.7015e-05
119,4.4405,4.4405,2.22487,0.748805,0.78869,8.09906e-05
120,2.89774,2.89774,1.86404,0.91406,0.87368,5.7075e-05
121,-2.30564,-2.30564,-0.164054,0.925242,0.942945,-3.32339e-05
122,2.41618,2.41618,1.26203,1.18737,1.03745,4.25431e-05
123,0.664462,0.664462,0.826563,1.35405,1.12124,1.60251e-05
124,-0.0931072,-0.0931072,0.652555,1.57429,1.20858,1.60185e-06
125,0.597226,0.597226,1.68123,1.92404,1.30603,2.12626e-05
126,5.5016,5.5016,4.45829,2.37684,1.40899,0.00011558
127,7.07545,7.07545,5.5526,2.58695,1.48016,0.000150975
128,7.27581,7.27581,4.1907,2.44843,1.50786,0.000132262
129,-9.75469,-9.75469,-2.14718,1.93497,1.49074,-0.000155873
130,6.21201,6.21201,3.78511,2.32945,1.56099,0.000116688
131,10.1794,10.1794,5.80305,2.42237,1.59511,0.000194226
132,-2.00975,-2.00975,0.762419,1.9128,1.56254,-1.97784e-05
133,0.0226912,0.0226912,0.193032,1.7079,1.55772,-3.54356e-06
134,-1.70962,-1.70962,-0.101613,1.63388,1.56482,-2.49385e-05
135,4.05513,4.05513,2.1973,1.81956,1.59737,7.4067e-05
136,0.84635,0.84635,1.49971,1.8316,1.61082,2.61834e-05
137,2.46436,2.46436,1.85592,1.92017,1.6302,4.73787e-05
138,-0.72688,-0.72688,1.23079,1.96646,1.64311,1.31865e-06
139,6.15326,6.15326,3.76317,2.22195,1.67443,0.000117317
140,2.55881,2.55881,2.44059,2.1721,1.67096,5.6251e-05
141,-0.955194,-0.955194,0.927338,2.0922,1.66059,-9.02474e-06
142,1.28656,1.28656,2.45043,2.249,1.67054,3.86198e-05
143,9.21683,9.21683,5.85072,2.48056,1.68347,0.000180279
144,4.61011,4.61011,3.82181,2.1889,1.63788,9.90482e-05
145,-0.842433,-0.842433,0.521455,1.70919,1.56919,-1.11294e-05
146,-3.1323,-3.1323,-0.579087,1.42767,1.51925,-5.11968e-05
147,4.01359,4.01359,2.43846,1.50032,1.50543,7.81321e-05
148,5.63314,5.63314,2.91546,1.37776,1.47214,0.000106936
149,-1.35477,-1.35477,-0.990886,0.924686,1.40652,-3.06843e-05
150,-9.63031,-9.63031,-4.31033,0.648658,1.36235,-0.000174465
151,2.77189,2.77189,0.95083,1.171,1.40357,4.39232e-05
152,4.90523,4.90523,3.27479,1.56899,1.43417,9.95461e-05
153,3.00287,3.00287,2.96901,1.70786,1.43781,7.00336e-05
154,3.83836,3.83836,2.6086,1.74615,1.42928,7.29714e-05
155,-2.64485,-2.64485,0.264731,1.62194,1.40204,-3.64966e-05
156,2.63648,2.63648,2.61373,1.82913,1.40624,5.96838e-05
157,8.95353,8.95353,4.92602,1.97361,1.40088,0.000167572
158,-1.29614,-1.29614,0.742337,1.57596,1.33684,-1.13376e-05
159,-1.73764,-1.73764,-0.153487,1.40139,1.29327,-2.8574e-05
160,2.55685,2.55685,1.50577,1.47062,1.27323,4.65559e-05
161,0.995785,0.995785,1.46974,1.45549,1.24323,2.77195e-05
162,3.08683,3.08683,2.19814,1.47606,1.21515,6.14512e-05
163,1.20889,1.20889,1.49317,1.37152,1.17252,3.05181e-05
164,1.71307,1.71307,1.24671,1.27962,1.12962,3.42625e-05
165,0.311074,0.311074,0.248062,1.15405,1.08218,3.60416e-06
166,-3.61748,-3.61748,-0.852216,1.09395,1.04073,-5.76431e-05
167,5.06939,5.06939,2.50761,1.39979,1.03547,9.05438e-05
168,1.39267,1.39267,1.73552,1.42061,0.998873,3.60489e-05
169,1.40529,1.40529,1.51642,1.4436,0.959215,2.97919e-05
170,-0.0303722,-0.0303722,1.47656,1.46957,0.916092,1.0985e-05
171,4.88045,4.88045,3.86723,1.61204,0.880323,0.000100593
172,5.6595,5.6595,4.62366,1.50065,0.813476,0.00011991
173,3.73505,3.73505,3.70937,1.06624,0.708983,8.80275e-05
174,5.94174,5.94174,2.75367,0.424543,0.58098,0.000105044
175,-6.97716,-6.97716,-3.34409,-0.645672,0.41133,-0.000125552
176,-3.74206,-3.74206,-3.58208,-1.22412,0.29908,-8.58791e-05
177,-3.27743,-3.27743,-3.56202,-1.607,0.218226,-7.36791e-05
178,-2.4976,-2.4976,-4.00098,-1.86014,0.164528,-7.12486e-05
179,-11.3841,-11.3841,-6.86475,-2.06376,0.131511,-0.000216694
180,-0.700624,-0.700624,-2.43929,-1.54348,0.187957,-3.12683e-05
181,0.919212,0.919212,-0.81814,-1.08867,0.251306,7.76051e-06
182,-3.82149,-3.82149,-1.99917,-0.789802,0.309467,-7.04727e-05
183,-1.03961,-1.03961,-0.24097,-0.255467,0.39972,-1.65388e-05
184,5.04201,5.04201,2.80536,0.339773,0.501154,9.78349e-05
185,4.65174,4.65174,2.24421,0.569791,0.567312,8.29727e-05
186,-7.13434,-7.13434,-2.20008,0.482764,0.601739,-0.00011891
187,2.72955,2.72955,1.31413,0.987357,0.696266,4.36365e-05
188,1.56905,1.56905,2.54539,1.35663,0.774996,4.94783e-05
189,10.6699,10.6699,5.35141,1.70941,0.847558,0.000192097
190,-5.47271,-5.47271,-0.420826,1.36623,0.843812,-7.77271e-05
191,3.24953,3.24953,1.95513,1.55423,0.889137,5.74363e-05
192,2.70916,2.70916,2.24337,1.61055,0.916125,5.707e-05
193,0.891022,0.891022,1.78032,1.58154,0.929184,2.91275e-05
194,4.67285,4.67285,2.75163,1.60617,0.942539,8.84366e-05
195,0.336954,0.336954,0.624188,1.3926,0.926914,7.18568e-06
196,-4.81028,-4.81028,-1.03997,1.26103,0.915872,-7.66811e-05
197,6.50548,6.50548,3.37701,1.60102,0.949315,0.000117655
198,2.62778,2.62778,2.74808,1.56008,0.939594,6.54794e-05
199,4.57852,4.57852,2.3132,1.43621,0.916758,8.0702e-05
200,-5.78308,-5.78308,-1.77543,1.06828,0.865474,-9.71229e-05
201,0.919901,0.919901,0.599898,1.23249,0.865841,1.36283e-05
202,2.63819,2.63819,2.45909,1.42098,0.865789,6.15431e-05
203,7.27375,7.27375,4.0294,1.51493,0.851966,0.000138103
204,-0.100615,-0.100615,0.366885,1.16159,0.788255,-1.6502e-08
205,-6.69231,-6.69231,-2.5416,0.906293,0.731449,-0.000117554
206,3.10814,3.10814,1.24462,1.24117,0.732316,5.08551e-05
207,2.34052,2.34052,2.02517,1.43105,0.714726,5.16687e-05
208,2.40201,2.40201,2.29708,1.55029,0.684506,5.0645e-05
209,0.393851,0.393851,2.39975,1.60337,0.640943,2.55922e-05
210,7.55918,7.55918,5.73774,1.7504,0.5993,0.000157371
211,10.0088,10.0088,6.13791,1.44625,0.503586,0.00019484
212,-1.61472,-1.61472,0.294671,0.477058,0.334028,-1.83847e-05
213,-3.12394,-3.12394,-2.46891,-0.329669,0.17961,-6.9817e-05
214,-6.54602,-6.54602,-4.17598,-0.919366,0.0508563,-0.000126735
215,0.464047,0.464047,-2.06041,-1.07204,-0.0266476,-1.32324e-05
216,-6.00085,-6.00085,-4.01655,-1.34402,-0.107964,-0.000118416
217,-4.80121,-4.80121,-2.77221,-1.25431,-0.143499,-8.81587e-05
218,6.8875,6.8875,1.74472,-0.889114,-0.14285,0.000111693
219,-3.97224,-3.97224,-2.03316,-1.12792,-0.196818,-6.91307e-05
220,-3.45582,-3.45582,-2.68348,-1.14582,-0.221455,-7.42405e-05
221,-2.72043,-2.72043,-2.08808,-0.984289,-0.220965,-5.75789e-05
222,-0.983023,-0.983023,-0.472767,-0.687917,-0.201058,-1.57496e-05
223,4.71855,4.71855,1.96554,-0.368624,-0.175075,8.21968e-05
224,-2.17661,-2.17661,-0.0364863,-0.44445,-0.18711,-2.78608e-05
225,2.73178,2.73178,1.4133,-0.385741,-0.183689,5.15437e-05
226,2.94183,2.94183,0.736496,-0.569169,-0.202918,4.73179e-05
227,-6.77208,-6.77208,-3.49729,-1.0253,-0.246577,-0.000123125
228,-1.24491,-1.24491,-2.44916,-1.03507,-0.239542,-4.2984e-05
229,-5.70014,-5.70014,-3.34338,-1.02855,-0.224696,-0.000106024
230,1.77608,1.77608,-0.436382,-0.659179,-0.167312,1.96385e-05
231,-2.19703,-2.19703,-1.09787,-0.478959,-0.125026,-3.80839e-05
232,0.393295,0.393295,0.0134733,-0.165297,-0.0666427,2.79393e-06
233,-1.43944,-1.43944,0.512203,0.104979,-0.0118329,-1.13962e-05
234,9.50149,9.50149,4.15875,0.495211,0.0540678,0.000165075
235,-5.73918,-5.73918,-0.812018,0.185925,0.0465733,-8.13976e-05
236,6.08191,6.08191,2.16425,0.336843,0.0840272,9.78995e-05
237,-4.19656,-4.19656,-1.17827,0.0415416,0.0748848,-6.57407e-05
238,1.54308,1.54308,0.347406,0.0754136,0.0989264,2.40867e-05
239,1.58129,1.58129,-0.0554268,-0.00470825,0.111749,1.99111e-05
240,-7.10774,-7.10774,-3.09812,-0.208014,0.113154,-0.000124972
241,2.45692,2.45692,0.326306,0.124581,0.170658,3.2726e-05
242,-1.24684,-1.24684,0.314267,0.276023,0.2104,-1.15602e-05
243,5.07616,5.07616,2.82015,0.545747,0.261462,9.35987e-05
244,0.29271,0.29271,1.6873,0.463594,0.275121,2.30901e-05
245,6.12051,6.12051,2.80378,0.394713,0.288643,0.000106987
246,-4.58641,-4.58641,-1.4293,-0.118889,0.256858,-7.54932e-05
247,-0.662952,-0.662952,-0.570257,-0.2855,0.2627,-1.48615e-05
248,2.7475,2.7475,0.438289,-0.422795,0.275732,4.41859e-05
249,-2.33638,-2.33638,-2.2777,-0.806326,0.269562,-5.20631e-05
250,-7.57977,-7.57977,-4.89905,-1.07102,0.283638,-0.000150995
251,-4.65787,-4.65787,-3.19667,-0.830175,0.358802,-9.2073e-05
252,4.53522,4.53522,0.862508,-0.292037,0.47294,7.05045e-05
253,-2.73031,-2.73031,-1.00205,-0.12883,0.555519,-4.58754e-05
254,-1.95934,-1.95934,-0.0791023,0.236432,0.663625,-2.62148e-05
255,8.56393,8.56393,3.87649,0.772241,0.792108,0.00015344
256,-0.528592,-0.528592,0.271693,0.702869,0.860213,-4.8336e-06
257,-5.68899,-5.68899,-2.04232,0.729146,0.939108,-9.91252e-05
258,3.4134,3.4134,1.5254,1.25392,1.06949,5.71486e-05
259,1.7269,1.7269,2.04794,1.61096,1.18167,4.14465e-05
260,1.91091,1.91091,3.0883,1.959,1.28961,5.52994e-05
261,10.0763,10.0763,6.02768,2.31078,1.39273,0.000189612
262,-1.04132,-1.04132,2.4371,2.05941,1.42838,1.07145e-05
263,8.02538,8.02538,4.45686,2.04887,1.48323,0.000146053
264,-1.59754,-1.59754,0.720941,1.57414,1.48724,-1.42451e-05
265,1.3105,1.3105,0.724507,1.34576,1.51522,2.22035e-05
266,-0.187377,-0.187377,-0.217078,1.12011,1.5448,-4.93269e-06
267,-1.97042,-1.97042,-1.20657,0.996013,1.58782,-3.93261e-05
268,-1.64502,-1.64502,-0.964042,1.10232,1.6585,-3.33712e-05
269,-0.261203,-0.261203,0.376831,1.42201,1.75483,1.25072e-06
270,5.63429,5.63429,2.74679,1.87244,1.86683,0.000101333
271,-1.4108,-1.4108,0.459493,2.03069,1.94956,-1.73504e-05
272,-1.19318,-1.19318,1.1888,2.45623,2.0584,-6.64658e-06
273,9.98412,9.98412,5.76001,3.16523,2.1925,0.000188138
274,3.18533,3.18533,3.51815,3.3446,2.26606,7.49928e-05
275,-0.448413,-0.448413,1.81311,3.53634,2.33248,2.81634e-06
276,1.30022,1.30022,3.75567,4.03758,2.42051,4.92396e-05
277,14.5805,14.5805,9.65863,4.75142,2.51724,0.000285621
278,7.55035,7.55035,7.62309,4.70185,2.52026,0.0001734
279,5.10287,5.10287,5.70485,4.43103,2.48419,0.000117743
280,4.90428,4.90428,4.75757,4.10803,2.42779,0.000105446
281,2.41261,2.41261,3.57365,3.72318,2.35214,6.30832e-05
282,5.35915,5.35915,4.26238,3.44013,2.27602,0.000110176
283,3.54155,3.54155,3.18213,3.00803,2.17596,7.74396e-05
284,1.81433,1.81433,1.52216,2.53448,2.06528,3.50152e-05
285,-3.48724,-3.48724,-0.609035,2.11688,1.95655,-5.568e-05
286,2.939,2.939,1.90204,2.13454,1.89011,5.44764e-05
287,2.99961,2.99961,2.74058,2.08972,1.81553,6.5569e-05
288,2.85269,2.85269,3.16132,1.97423,1.73174,6.82648e-05
289,5.80643,5.80643,4.07984,1.79051,1.63925,0.000117911
290,3.47083,3.47083,2.21355,1.29487,1.51438,6.74911e-05
291,-3.96038,-3.96038,-1.68062,0.630224,1.37432,-7.05601e-05
292,-2.05334,-2.05334,-1.89776,0.32213,1.2757,-4.86343e-05
293,-2.83958,-2.83958,-1.86395,0.19854,1.20294,-5.58345e-05
294,0.463128,0.463128,-0.256561,0.310919,1.16158,2.90857e-06
295,-0.851218,-0.851218,0.190042,0.411477,1.12566,-6.74127e-06
296,5.7203,5.7203,2.3161,0.610108,1.10509,9.63371e-05
297,-5.66714,-5.66714,-1.0485,0.41183,1.04866,-8.35316e-05
298,7.66007,7.66007,3.03632,0.685706,1.04441,0.000127678
299,-4.00561,-4.00561,-0.336527,0.417883,0.988768,-5.23561e-05
300,6.42662,6.42662,2.2085,0.493632,0.971922,0.000106197
301,-3.87479,-3.87479,-2.04989,0.108567,0.9127,-7.20603e-05
302,-6.4063,-6.4063,-3.36489,0.0328895,0.890671,-0.00012193
303,0.818356,0.818356,0.225593,0.457343,0.92533,1.45149e-05
304,6.6173,6.6173,2.86001,0.853756,0.960821,0.000117295
305,-3.52387,-3.52387,-0.565719,0.802515,0.952368,-5.28282e-05
306,0.603028,0.603028,0.779772,1.08731,0.978689,1.19696e-05
307,2.86022,2.86022,2.41033,1.40971,1.00793,6.38079e-05
308,6.88734,6.88734,3.31527,1.61945,1.02278,0.000119599
309,-8.54774,-8.54774,-1.54119,1.42004,0.992069,-0.000131736
310,8.16471,8.16471,4.90324,1.99482,1.03547,0.000153358
311,8.94541,8.94541,6.08724,2.09039,1.02349,0.000182035
312,2.57838,2.57838,2.66127,1.65352,0.94996,6.00874e-05
313,-1.69325,-1.69325,-0.63101,1.14483,0.863782,-3.44266e-05
314,-5.5975,-5.5975,-2.21,0.856565,0.797469,-0.000100148
315,3.04636,3.04636,1.67472,1.06959,0.780837,5.63323e-05
316,5.52406,5.52406,3.34709,1.12908,0.746605,0.000108883
317,1.71251,1.71251,1.50824,0.847207,0.675258,3.5605e-05
318,-3.81578,-3.81578,-0.660069,0.498129,0.595852,-5.94757e-05
319,4.21197,4.21197,2.26148,0.484112,0.55072,7.87013e-05
320,4.32374,4.32374,2.03707,0.180553,0.477144,8.07645e-05
321,-2.75199,-2.75199,-1.87551,-0.444807,0.373684,-5.71341e-05
322,-8.7078,-8.7078,-4.37441,-0.890968,0.294508,-0.000159225
323,3.64861,3.64861,0.116038,-0.729996,0.285268,5.24671e-05
324,0.612443,0.612443,-1.09121,-0.909111,0.2499,1.7477e-07
325,-9.57422,-9.57422,-5.04629,-1.2064,0.211715,-0.000176705
326,-0.336729,-0.336729,-1.69825,-0.85377,0.249554,-2.38044e-05
327,-1.58371,-1.58371,-0.546206,-0.541295,0.291949,-2.28817e-05
328,5.15162,5.15162,2.27923,-0.147854,0.348915,9.1623e-05
329,-0.820324,-0.820324,0.471795,-0.166024,0.36857,-3.46489e-06
330,2.08548,2.08548,0.748418,-0.133374,0.397461,3.82777e-05
331,1.38327,1.38327,-1.13151,-0.273063,0.413239,6.2099e-06
332,-13.4583,-13.4583,-7.06755,-0.541398,0.42148,-0.000253173
333,-4.8051,-4.8051,-2.69589,0.193523,0.537551,-9.34652e-05
334,10.1129,10.1129,5.07773,1.31669,0.695127,0.000187292
335,5.74876,5.74876,4.73008,1.75665,0.779539,0.00012571
336,2.00707,2.00707,2.73938,1.88654,0.825346,4.84674e-05
337,-0.52628,-0.52628,1.92985,2.00707,0.861973,8.33449e-06
338,8.11026,8.11026,5.08181,2.32437,0.909384,0.000154165
339,2.32894,2.32894,3.34919,2.19228,0.900853,6.22988e-05
340,3.06315,3.06315,3.26212,2.04958,0.881228,6.98371e-05
341,4.74485,4.74485,3.49597,1.82815,0.844652,9.55756e-05
342,1.1978,1.1978,1.7155,1.38018,0.777776,3.23059e-05
343,1.17785,1.17785,0.77002,0.946371,0.707637,2.26247e-05
344,-0.701327,-0.701327,-0.833242,0.494588,0.633845,-1.93874e-05
345,-5.2209,-5.2209,-2.64927,0.135691,0.570425,-9.71642e-05
346,-0.0602496,-0.0602496,-0.317523,0.19284,0.551998,-2.60372e-06
347,4.73294,4.73294,1.59927,0.269646,0.538326,8.01595e-05
348,-4.09383,-4.09383,-1.53826,-0.000212139,0.492068,-6.69937e-05
349,1.12982,1.12982,-0.553892,0.0478805,0.481436,6.49692e-06
350,-5.31632,-5.31632,-2.28519,0.0119391,0.465768,-9.24275e-05
351,2.84677,2.84677,0.872412,0.389843,0.495019,4.4699e-05
352,0.138677,0.138677,0.84557,0.576917,0.505999,1.08449e-05
353,2.1807,2.1807,1.95888,0.79803,0.519834,4.9265e-05
354,5.51737,5.51737,2.71441,0.911751,0.520766,9.64296e-05
355,-6.52126,-6.52126,-1.05095,0.667754,0.48288,-9.66712e-05
356,8.90413,8.90413,4.00676,0.982127,0.499407,0.000155129
357,0.238657,0.238657,1.16549,0.681199,0.45064,1.4601e-05
358,-2.82412,-2.82412,-0.180896,0.414644,0.40352,-3.93268e-05
359,7.26692,7.26692,2.73599,0.399643,0.381475,0.000123019
360,-4.07606,-4.07606,-1.65508,-0.148739,0.305939,-6.81826e-05
361,-2.44856,-2.44856,-2.14132,-0.392086,0.264445,-5.34572e-05
362,-0.866918,-0.866918,-2.13203,-0.475707,0.244028,-3.12612e-05
363,-5.85006,-5.85006,-4.16324,-0.528942,0.232241,-0.000121126
364,-7.2558,-7.2558,-3.47378,-0.168887,0.267707,-0.00013183
365,7.11924,7.11924,3.31573,0.741609,0.361622,0.000126776
366,4.22849,4.22849,3.97055,1.15675,0.403038,9.7206e-05
367,4.58632,4.58632,4.20932,1.33332,0.414734,0.000100203
368,4.07798,4.07798,3.84004,1.25722,0.394023,8.9892e-05
369,3.31409,3.31409,3.08696,0.962038,0.344692,7.51471e-05
370,4.19953,4.19953,1.96756,0.48417,0.272291,7.62713e-05
371,-3.78607,-3.78607,-2.75178,-0.282269,0.169382,-7.87537e-05
372,-9.58535,-9.58535,-5.80292,-0.776568,0.0972007,-0.000185921
373,-1.41082,-1.41082,-2.75336,-0.58669,0.100242,-4.67249e-05
374,-2.67278,-2.67278,-1.86919,-0.332802,0.115022,-5.13078e-05
375,1.18573,1.18573,0.311103,0.102832,0.15146,1.77757e-05
376,-0.285563,-0.285563,1.08071,0.454358,0.179863,7.81083e-06
377,6.75574,6.75574,4.05398,0.863353,0.211881,0.000129332
378,2.60569,2.60569,2.66959,0.814688,0.193062,6.13648e-05
379,1.1352,1.1352,1.38828,0.626915,0.1555,2.70827e-05
380,0.49556,0.49556,0.515141,0.399664,0.110327,1.07158e-05
381,-0.204475,-0.204475,-0.32641,0.164965,0.0621603,-8.12411e-06
382,-3.62386,-3.62386,-1.36463,-0.0410396,0.0160655,-6.03766e-05
383,4.5505,4.5505,1.24106,0.0312327,-0.00175147,7.26991e-05
384,-3.19924,-3.19924,-1.49104,-0.247506,-0.054934,-5.59219e-05
385,-2.06376,-2.06376,-1.46799,-0.296984,-0.083689,-4.52941e-05
386,-2.06328,-2.06328,-0.484033,-0.209236,-0.0970613,-3.05813e-05
387,7.08931,7.08931,3.0471,0.0225141,-0.0951584,0.000124939
388,-1.63059,-1.63059,0.0585252,-0.294613,-0.14907,-1.86273e-05
389,0.326748,0.326748,-0.20567,-0.507975,-0.191472,6.12722e-07
390,-2.2162,-2.2162,-1.3286,-0.786169,-0.237901,-4.17855e-05
391,-0.379002,-0.379002,-1.01993,-0.953293,-0.26896,-1.60562e-05
392,-3.51484,-3.51484,-1.745,-1.16502,-0.299164,-6.15377e-05
393,2.92046,2.92046,0.384496,-1.19424,-0.304386,4.50444e-05
394,-1.45004,-1.45004,-1.57627,-1.54305,-0.334662,-3.13283e-05
395,-4.84849,-4.84849,-3.74064,-1.89908,-0.356272,-0.000100216
396,-4.78598,-4.78598,-4.11814,-2.02604,-0.342983,-0.000101894
397,-2.47645,-2.47645,-3.41849,-1.93862,-0.295178,-6.48502e-05
398,-6.1653,-6.1653,-4.23827,-1.80944,-0.230427,-0.000120539
399,-0.444035,-0.444035,-1.94993,-1.34193,-0.119568,-2.66433e-05
400,-5.44833,-5.44833,-2.09045,-0.94417,-0.00618956,-8.90115e-05
401,8.33476,8.33476,3.18497,-0.196567,0.149468,0.000143645
402,-0.787215,-0.787215,0.154274,-0.111592,0.241536,-5.48539e-06
403,-1.82616,-1.82616,-1.35789,0.0258594,0.341596,-4.33985e-05
404,-6.46575,-6.46575,-2.11478,0.307157,0.458497,-0.000108564
405,8.15045,8.15045,4.14603,1.1145,0.629191,0.00014914
406,5.37904,5.37904,3.94808,1.37537,0.741454,0.000114134
407,1.54797,1.54797,1.44214,1.32527,0.817689,3.20111e-05
408,-4.06682,-4.06682,-1.23451,1.25788,0.88825,-7.14293e-05
409,-0.3857,-0.3857,0.65708,1.60405,0.997306,-1.04171e-06
410,7.47599,7.47599,4.23057,2.10477,1.11711,0.000139144
411,0.477824,0.477824,2.56952,2.18831,1.18751,3.26524e-05
412,7.08687,7.08687,4.28216,2.4047,1.26342,0.000131345
413,-1.69556,-1.69556,1.4711,2.25742,1.29409,-8.9743e-06
414,6.21516,6.21516,3.76755,2.41718,1.34799,0.000116671
415,2.04709,2.04709,2.11625,2.28194,1.36407,4.649e-05
416,-1.13313,-1.13313,0.576494,2.16494,1.37485,-1.32193e-05
417,1.87596,1.87596,1.79419,2.30411,1.40511,3.76522e-05
418,1.90401,1.90401,2.87999,2.47653,1.43172,5.2074e-05
419,7.95432,7.95432,5.53997,2.69342,1.45466,0.000158383
420,4.39634,4.39634,4.30583,2.50169,1.4271,9.83633e-05
421,1.65232,1.65232,2.92569,2.16281,1.37647,4.70821e-05
422,4.41903,4.41903,3.5994,1.86357,1.3237,9.31347e-05
423,4.89537,4.89537,2.95111,1.36586,1.24689,9.46268e-05
424,-1.78737,-1.78737,-0.833071,0.594004,1.14173,-3.27319e-05
425,-4.84109,-4.84109,-3.07807,0.00711241,1.05932,-9.61417e-05
426,-2.39446,-2.39446,-2.47948,-0.20322,1.02276,-5.59752e-05
427,-1.86994,-1.86994,-2.01801,-0.243359,1.01274,-4.29024e-05
428,-1.93198,-1.93198,-1.79535,-0.157161,1.02512,-4.34449e-05
429,-2.7926,-2.7926,-1.35232,0.066887,1.06047,-4.98629e-05
430,3.05607,3.05607,1.41377,0.513031,1.12575,5.55153e-05
431,2.37786,2.37786,1.53096,0.761658,1.17604,4.73667e-05
432,-0.883418,-0.883418,0.282199,0.884755,1.21699,-1.03222e-05
433,0.932998,0.932998,0.913461,1.14518,1.27426,1.80523e-05
434,0.548097,0.548097,1.51321,1.4221,1.33418,2.20329e-05
435,6.39898,6.39898,3.6696,1.76689,1.4002,0.000117958
436,-1.49672,-1.49672,1.42375,1.75191,1.42739,-7.86377e-06
437,4.95067,4.95067,3.88832,1.98925,1.4773,0.000101628
438,6.68414,6.68414,4.63943,1.99658,1.50023,0.000135987
439,2.71069,2.71069,2.09261,1.63982,1.48288,5.74932e-05
440,-1.86376,-1.86376,-1.45111,1.19989,1.45599,-4.49573e-05
441,-10.2256,-10.2256,-4.32926,0.997917,1.4549,-0.000181407
442,6.13085,6.13085,2.30283,1.66767,1.54455,0.00010243
443,3.48122,3.48122,2.76068,1.99077,1.59856,7.5379e-05
444,1.15217,1.15217,2.05639,2.19811,1.63795,3.19101e-05
445,1.80933,1.80933,2.81052,2.48669,1.68112,4.77524e-05
446,6.39269,6.39269,5.17948,2.82787,1.72329,0.000134806
447,7.83328,7.83328,5.59164,2.89218,1.72918,0.000158088
448,1.43824,1.43824,2.38828,2.57271,1.68766,3.72332e-05
449,-2.77753,-2.77753,0.717224,2.34136,1.64807,-3.37605e-05
450,8.29561,8.29561,4.68287,2.50759,1.64286,0.000153681
451,2.48152,2.48152,2.82154,2.22427,1.58597,6.07305e-05
452,0.496694,0.496694,1.50861,1.92097,1.52212,2.11554e-05
453,4.64678,4.64678,1.82782,1.72829,1.46623,7.5958e-05
454,-7.12302,-7.12302,-2.3997,1.30893,1.38564,-0.000120472
455,1.88192,1.88192,0.991047,1.54448,1.37115,3.06775e-05
456,3.70374,3.70374,2.94491,1.75382,1.35269,7.92881e-05
457,5.08573,5.08573,3.67484,1.81171,1.31597,0.000101977
458,0.323469,0.323469,2.12915,1.6153,1.24996,2.49452e-05
459,6.12803,6.12803,3.49586,1.51924,1.19115,0.000113232
460,-1.12013,-1.12013,0.617145,1.06521,1.09398,-8.33696e-06
461,1.48802,1.48802,0.540479,0.780909,1.01402,2.34001e-05
462,-1.63766,-1.63766,-1.06447,0.441692,0.930372,-3.39026e-05
463,-3.97367,-3.97367,-1.74493,0.263977,0.866676,-6.89965e-05
464,4.85451,4.85451,1.16936,0.415401,0.840583,7.3167e-05
465,-6.84661,-6.84661,-1.86014,0.222039,0.783307,-0.000104666
466,9.63757,9.63757,3.15305,0.577698,0.785306,0.000155102
467,-8.3685,-8.3685,-2.29266,0.229678,0.718534,-0.00012886
468,7.35952,7.35952,2.06137,0.549477,0.722357,0.000113415
469,-6.61046,-6.61046,-2.13,0.340341,0.674618,-0.000106251
470,3.34122,3.34122,0.905182,0.671073,0.683474,4.82742e-05
471,-2.94647,-2.94647,0.0112669,0.794414,0.671683,-3.683e-05
472,8.10364,8.10364,3.8879,1.20831,0.688001,0.000142772
473,-2.28047,-2.28047,0.96494,1.08665,0.646708,-1.9911e-05
474,5.53536,5.53536,3.27652,1.22651,0.628156,0.000102202
475,1.12705,1.12705,1.9448,1.0317,0.571481,3.40254e-05
476,2.45067,2.45067,1.93205,0.829483,0.51049,5.00082e-05
477,1.26549,1.26549,1.08281,0.501351,0.434426,2.60123e-05
478,-1.32294,-1.32294,-0.0610547,0.113869,0.351905,-1.68715e-05
479,3.57694,3.57694,0.830374,-0.162016,0.282396,5.59786e-05
480,-4.63086,-4.63086,-2.70814,-0.728305,0.187293,-8.77304e-05
481,-4.53965,-4.53965,-3.14548,-0.991483,0.12962,-9.2966e-05
482,-1.15138,-1.15138,-1.33417,-0.979075,0.108223,-2.72145e-05
483,1.15761,1.15761,0.182316,-0.953285,0.0966104,2.27304e-05
484,3.13539,3.13539,0.125755,-1.09145,0.0767557,4.54984e-05
485,-8.24427,-8.24427,-4.78505,-1.55791,0.033139,-0.000154759
486,-4.02619,-4.02619,-4.11649,-1.50504,0.0538278,-9.5234e-05
487,-4.27514,-4.27514,-3.59356,-1.25635,0.106214,-9.16257e-05
488,-2.9125,-2.9125,-1.97133,-0.773198,0.192637,-5.90765e-05
489,0.761841,0.761841,1.16891,-0.123884,0.303184,2.42934e-05
490,9.38641,9.38641,4.96572,0.456636,0.410167,0.000176581
491,1.46432,1.46432,1.63237,0.343581,0.447416,3.66465e-05
492,-3.595,-3.595,-1.42995,0.143478,0.476765,-6.42595e-05
493,-0.682367,-0.682367,-1.00025,0.233742,0.537746,-2.18932e-05
494,-2.37799,-2.37799,-1.08326,0.39516,0.608206,-4.2502e-05
495,1.71685,1.71685,0.922011,0.771968,0.701866,3.16958e-05
496,2.29092,2.29092,1.64528,1.07539,0.78764,4.68419e-05
497,1.04166,1.04166,1.3272,1.2844,0.861735,2.54847e-05
498,1.18207,1.18207,1.46968,1.51226,0.934433,2.64599e-05
499,0.789357,0.789357,2.07605,1.76577,1.00521,2.9899e-05
500,7.77564,7.77564,4.75772,2.09512,1.07766,0.000148716
501,1.76215,1.76215,2.57179,1.98326,1.09807,4.81189e-05
502,1.48542,1.48542,1.69173,1.88857,1.11333,3.18637e-05
503,-0.142495,-0.142495,1.14444,1.8252,1.12569,5.81235e-06
504,2.95604,2.95604,2.67284,1.91465,1.14791,6.31787e-05
505,4.65011,4.65011,3.74448,1.92323,1.15608,9.88998e-05
506,4.79998,4.79998,3.35543,1.72,1.13711,9.60503e-05
507,-0.593135,-0.593135,0.636462,1.27756,1.08968,-2.75162e-06
508,-0.0304876,-0.0304876,-0.0992839,0.980408,1.05532,-4.90903e-06
509,-2.78894,-2.78894,-0.945992,0.761776,1.0294,-4.64354e-05
510,3.40603,3.40603,1.17979,0.818927,1.03315,5.49533e-05
511,-2.36025,-2.36025,-0.285123,0.675138,1.01846,-3.45309e-05
512,1.89588,1.89588,1.59694,0.767107,1.03001,4.12633e-05
513,6.03149,6.03149,2.99685,0.771405,1.03484,0.000110086
514,-2.80504,-2.80504,-0.497818,0.367152,1.00086,-4.03135e-05
515,1.26214,1.26214,-0.271164,0.209284,0.996437,1.24518e-05
516,-4.16715,-4.16715,-2.51758,-0.0303599,0.989953,-7.90881e-05
517,-2.06692,-2.06692,-2.10339,0.0513006,1.02353,-4.73457e-05
518,-0.733625,-0.733625,-1.74803,0.297483,1.08112,-2.99469e-05
519,-8.3762,-8.3762,-3.02881,0.623752,1.15281,-0.000139856
520,10.2398,10.2398,4.31521,1.64905,1.29853,0.000175805
521,-0.33589,-0.33589,2.10351,2.0071,1.37478,1.61667e-05
522,3.31814,3.31814,3.82633,2.54713,1.46433,7.6092e-05
523,7.62884,7.62884,6.36882,3.02728,1.53947,0.000159837
524,6.89307,6.89307,6.87903,3.15003,1.5673,0.00015785
525,9.86156,9.86156,7.36658,2.98205,1.55376,0.000203281
526,5.50871,5.50871,3.82997,2.27974,1.47568,0.000106863
527,-7.65239,-7.65239,-2.41429,1.32664,1.36627,-0.000131008
528,-0.298538,-0.298538,-0.209984,1.07094,1.32692,-1.0196e-05
529,3.98502,3.98502,2.13714,0.921612,1.3002,7.73202e-05
530,3.48832,3.48832,1.50382,0.534345,1.25262,6.26467e-05
531,-5.11707,-5.11707,-2.3303,-0.0823565,1.18767,-8.83121e-05
532,0.848087,0.848087,-1.66963,-0.308013,1.1717,-6.00937e-06
533,-7.95867,-7.95867,-5.06981,-0.623463,1.15825,-0.000154365
534,-4.44784,-4.44784,-3.81054,-0.369189,1.21562,-9.8128e-05
535,-1.70115,-1.70115,-1.52338,0.201874,1.317,-3.7827e-05
536,0.7632,0.7632,1.05052,0.920744,1.44182,2.12719e-05
537,6.02807,6.02807,4.08783,1.65185,1.57191,0.00012091
538,4.82569,4.82569,3.99572,2.04306,1.66738,0.000102695
539,1.68458,1.68458,2.56494,2.21814,1.73832,4.50199e-05
540,2.87204,2.87204,2.5541,2.43466,1.80967,5.88527e-05
541,0.902376,0.902376,2.03046,2.61721,1.87277,2.81202e-05
542,3.36572,3.36572,3.32629,2.93295,1.94341,7.29312e-05
543,4.43184,4.43184,4.55855,3.21508,2.003,0.000102364
544,8.57172,8.57172,5.99515,3.4027,2.04372,0.000170423
545,2.164,2.164,3.27601,3.18884,2.03373,5.68829e-05
546,0.572934,0.572934,2.35043,3.05458,2.02272,2.63731e-05
547,6.25563,6.25563,4.29177,3.11308,2.02298,0.000123052
548,3.67331,3.67331,3.06561,2.92749,1.99036,7.4897e-05
549,-2.95349,-2.95349,0.859274,2.68397,1.94466,-3.37436e-05
550,8.2545,8.2545,4.80255,2.87831,1.93701,0.000152469
551,1.86388,1.86388,3.17818,2.65509,1.88028,5.549e-05
552,4.21079,4.21079,3.67363,2.49332,1.82368,9.04348e-05
553,5.16647,5.16647,3.30268,2.19815,1.74854,9.86228e-05
554,-2.80799,-2.80799,-0.0743947,1.67243,1.64684,-4.07457e-05
555,0.995433,0.995433,0.95756,1.49471,1.57975,1.96394e-05
556,2.98082,2.98082,1.92843,1.35576,1.5172,5.75234e-05
557,0.0927185,0.0927185,1.20189,1.0906,1.44328,1.60619e-05
558,6.25454,6.25454,2.26435,0.902941,1.37986,0.000104862
559,-6.4626,-6.4626,-3.10898,0.299625,1.27856,-0.000120106
560,-7.38434,-7.38434,-3.07325,0.221531,1.2374,-0.000130194
561,9.78695,9.78695,3.91584,0.734184,1.26322,0.000170739
562,1.92296,1.92296,1.43542,0.54371,1.22283,4.25709e-05
563,-5.05292,-5.05292,-1.83136,0.24611,1.17699,-8.59888e-05
564,2.05668,2.05668,0.0979433,0.360085,1.17955,2.7099e-05
565,-1.55345,-1.55345,-1.13201,0.342285,1.1753,-3.16448e-05
566,-3.44194,-3.44194,-1.68222,0.471728,1.19225,-6.45367e-05
567,0.633235,0.633235,0.605819,0.905144,1.2452,1.17238e-05
568,2.92813,2.92813,2.84964,1.35968,1.3029,6.65132e-05
569,6.45438,6.45438,4.96687,1.69239,1.34798,0.000136417
570,7.38151,7.38151,4.68488,1.65524,1.35339,0.000144823
571,-1.4557,-1.4557,0.0534922,1.17334,1.31196,-2.11621e-05
572,-4.37508,-4.37508,-2.14372,0.895628,1.29204,-8.39555e-05
573,-1.23598,-1.23598,-0.741974,1.02729,1.31615,-2.58824e-05
574,2.45151,2.45151,1.45655,1.33475,1.36008,4.6206e-05
575,1.72543,1.72543,2.05031,1.55546,1.39553,4.27818e-05
576,3.92038,3.92038,3.16806,1.76297,1.42842,8.16331e-05
577,3.2166,3.2166,3.07239,1.80292,1.44195,7.17247e-05
578,2.97511,2.97511,2.74413,1.73306,1.44169,6.59476e-05
579,3.14901,3.14901,2.0433,1.56674,1.42952,6.0343e-05
580,-1.97359,-1.97359,-0.440946,1.27752,1.40399,-3.30463e-05
581,-1.51567,-1.51567,-0.453189,1.24081,1.4047,-2.70349e-05
582,1.98199,1.98199,1.24824,1.41819,1.4281,3.99123e-05
583,4.11732,4.11732,1.7662,1.55179,1.4472,6.95767e-05
584,-6.36715,-6.36715,-1.50797,1.48612,1.44555,-0.000102224
585,4.45065,4.45065,3.05526,2.03042,1.5046,8.7481e-05
586,9.10204,9.10204,5.36784,2.38673,1.54076,0.000173531
587,-1.20337,-1.20337,1.65752,2.22147,1.51817,-2.40309e-06
588,2.20496,2.20496,2.56152,2.32222,1.51673,4.73048e-05
589,3.30484,3.30484,4.04063,2.43207,1.50995,8.25291e-05
590,10.3922,10.3922,6.70649,2.47413,1.48922,0.000204176
591,3.96992,3.96992,3.42773,1.9012,1.39932,8.29535e-05
592,-5.82035,-5.82035,-0.725546,1.1676,1.28946,-8.4958e-05
593,9.49165,9.49165,3.33861,0.976748,1.23483,0.000156516
594,-5.9654,-5.9654,-2.5215,0.124544,1.11605,-0.000102518
595,-4.24094,-4.24094,-2.82695,-0.254654,1.05229,-8.55808e-05
596,1.17505,1.17505,-0.851746,-0.324238,1.02965,9.46656e-06
597,-2.25762,-2.25762,-2.14558,-0.510272,1.00588,-4.96065e-05
598,-5.61045,-5.61045,-3.2587,-0.560589,1.00746,-0.000104748
599,1.97582,1.97582,-0.578684,-0.218684,1.06046,2.21989e-05
600,-2.33331,-2.33331,-2.01884,-0.0472263,1.10635,-5.1592e-05
601,-7.05227,-7.05227,-2.95179,0.301791,1.17895,-0.000124318
602,5.60675,5.60675,2.72892,1.222,1.31551,0.000100182
603,4.86121,4.86121,3.76796,1.80164,1.41872,0.000100894
604,0.801626,0.801626,3.0437,2.14365,1.4952,3.80812e-05
605,8.24093,8.24093,5.93568,2.58989,1.57706,0.000164207
606,5.26235,5.26235,5.10952,2.59721,1.60715,0.000119101
607,4.4845,4.4845,4.03686,2.39753,1.60884,9.71186e-05
608,2.59998,2.59998,2.2422,2.03576,1.5882,5.41319e-05
609,-1.18656,-1.18656,-0.129507,1.63017,1.55969,-2.12542e-05
610,-2.95119,-2.95119,-0.796299,1.44335,1.55252,-4.97696e-05
611,3.75926,3.75926,2.01255,1.59786,1.58033,6.70614e-05
612,0.773883,0.773883,2.00412,1.58449,1.59122,3.28263e-05
613,7.96817,7.96817,3.97995,1.63408,1.60846,0.00014438
614,-3.11462,-3.11462,-0.476827,1.1917,1.57629,-4.34798e-05
615,1.31251,1.31251,-0.679101,1.08379,1.58057,6.17918e-06
616,-8.46108,-8.46108,-4.09365,0.958116,1.58692,-0.000157181
617,-2.39594,-2.39594,-0.463962,1.56403,1.67134,-3.85917e-05
618,11.6643,11.6643,6.28183,2.47752,1.78736,0.000214867
619,1.17607,1.17607,4.34613,2.67746,1.82664,6.27099e-05
620,13.6781,13.6781,7.52343,2.99402,1.87098,0.000251364
621,-3.41969,-3.41969,0.773818,2.48075,1.82359,-4.11948e-05
622,-1.08696,-1.08696,0.787924,2.42576,1.81693,-1.21178e-05
623,6.993,6.993,3.82604,2.64361,1.83284,0.00012827
624,0.36177,0.36177,1.75616,2.52364,1.80865,2.03976e-05
625,1.05669,1.05669,1.93528,2.57158,1.79571,2.76599e-05
626,3.15283,3.15283,3.53148,2.73718,1.78851,7.43845e-05
627,8.24238,8.24238,5.73843,2.8705,1.7707,0.000163118
628,2.47298,2.47298,3.90673,2.58658,1.70263,7.019e-05
629,5.99885,5.99885,4.38753,2.31149,1.62856,0.000120367
630,2.33709,2.33709,2.26942,1.75001,1.52055,5.36674e-05
631,0.460758,0.460758,0.0421696,1.14292,1.40619,4.42285e-06
632,-5.27543,-5.27543,-2.86022,0.588818,1.29917,-9.86441e-05
633,-0.801721,-0.801721,-1.86712,0.490191,1.24324,-3.18966e-05
634,-5.48498,-5.48498,-2.5924,0.491907,1.20319,-9.65548e-05
635,4.42259,4.42259,1.34779,0.957847,1.2151,7.12153e-05
636,-0.942619,-0.942619,0.328623,1.15468,1.20209,-1.01505e-05
637,-0.21061,-0.21061,1.35985,1.51441,1.20574,8.34329e-06
638,7.63694,7.63694,4.92407,2.00813,1.22039,0.000147829
639,3.69355,3.69355,4.1127,2.06465,1.1852,8.82379e-05
640,3.81798,3.81798,3.97738,1.99466,1.13052,8.80538e-05
641,6.09727,6.09727,4.09917,1.78305,1.05496,0.000119923
642,0.154752,0.154752,0.998202,1.23636,0.940229,1.04989e-05
643,-1.75585,-1.75585,-0.742362,0.773672,0.8316,-3.31812e-05
644,-1.0728,-1.0728,-0.848266,0.507455,0.743072,-2.35865e-05
645,-0.469291,-0.469291,-0.592012,0.363975,0.668651,-1.2252e-05
646,-0.896711,-0.896711,-0.533693,0.285216,0.603071,-1.81439e-05
647,-0.782491,-0.782491,0.110137,0.298256,0.549143,-7.97171e-06
648,5.01406,5.01406,2.19369,0.395239,0.505559,8.93228e-05
649,-1.08626,-1.08626,-0.271742,0.133477,0.42695,-1.60171e-05
650,-2.18215,-2.18215,-1.42343,-0.0335468,0.360097,-4.6452e-05
651,-3.57385,-3.57385,-1.35137,-0.0336891,0.312994,-5.91726e-05
652,6.99827,6.99827,2.30532,0.241132,0.296087,0.000114326
653,-5.83698,-5.83698,-1.60725,-0.00887236,0.227112,-9.1196e-05
654,3.76812,3.76812,1.30234,0.193792,0.205248,5.80838e-05
655,-2.46903,-2.46903,0.234858,0.118838,0.155704,-2.90161e-05
656,6.58463,6.58463,3.52849,0.244884,0.126552,0.000122866
657,2.97436,2.97436,1.89287,-0.121477,0.047228,6.03855e-05
658,-3.11547,-3.11547,-1.4871,-0.728292,-0.0548362,-5.34931e-05
659,0.0411286,0.0411286,-2.24065,-1.1497,-0.133123,-2.27976e-05
660,-10.9782,-10.9782,-6.6745,-1.66359,-0.212763,-0.000212586
661,-5.71861,-5.71861,-4.16683,-1.45402,-0.208769,-0.000116936
662,4.25902,4.25902,0.843721,-0.913212,-0.16197,6.97529e-05
663,1.63059,1.63059,0.345716,-0.774135,-0.149516,2.74143e-05
664,-5.60739,-5.60739,-2.22467,-0.821832,-0.150892,-9.60155e-05
665,2.95883,2.95883,0.660955,-0.497836,-0.109878,4.32242e-05
666,-2.04836,-2.04836,-0.159666,-0.442318,-0.0927032,-2.53252e-05
667,5.38618,5.38618,2.066,-0.262059,-0.0603356,9.27395e-05
668,-2.14431,-2.14431,-1.06345,-0.520497,-0.0702809,-3.67418e-05
669,-2.94155,-2.94155,-2.44959,-0.652815,-0.0641135,-6.60068e-05
670,-5.41452,-5.41452,-3.04226,-0.607367,-0.0355918,-0.000102912
671,1.27559,1.27559,0.191297,-0.188547,0.0347176,1.89677e-05
672,2.77804,2.77804,1.676,0.116553,0.095387,5.43652e-05
673,0.781486,0.781486,1.38321,0.214936,0.135215,2.28373e-05
674,1.69309,1.69309,2.06094,0.269314,0.170023,4.26377e-05
675,5.67935,5.67935,3.33198,0.213108,0.192998,0.000110037
676,1.57725,1.57725,0.816944,-0.26766,0.173351,3.03313e-05
677,-4.79361,-4.79361,-2.92439,-0.891722,0.142797,-9.23459e-05
678,-3.84481,-3.84481,-3.65086,-1.21273,0.150593,-8.59328e-05
679,-3.59791,-3.59791,-4.06451,-1.32929,0.189429,-8.63204e-05
680,-7.24017,-7.24017,-5.23074,-1.26966,0.257688,-0.000147994
681,-4.89237,-4.89237,-3.15597,-0.7463,0.384196,-9.38986e-05
682,5.77164,5.77164,1.71946,0.0990872,0.551697,9.52013e-05
683,-1.48746,-1.48746,0.0591061,0.503887,0.678644,-1.97886e-05
684,-1.51494,-1.51494,0.893211,1.06335,0.82242,-1.22686e-05
685,10.5978,10.5978,5.61144,1.82308,0.984355,0.000193359
686,-0.748812,-0.748812,2.28722,1.90127,1.0716,1.31539e-05
687,5.58853,5.58853,3.85983,2.1853,1.173,0.00010959
688,3.94003,3.94003,2.6442,2.205,1.24009,7.34767e-05
689,-6.12515,-6.12515,-0.661493,2.08994,1.2862,-9.12966e-05
690,8.72112,8.72112,4.84517,2.61294,1.38989,0.000157182
691,1.945,1.945,4.10028,2.66153,1.43663,7.01381e-05
692,12.907,12.907,6.83163,2.76576,1.47941,0.000234522
693,-5.62842,-5.62842,-0.236017,2.08232,1.43342,-8.00256e-05
694,0.863287,0.863287,1.39376,1.99778,1.44229,2.11293e-05
695,7.75255,7.75255,3.87914,2.00135,1.45566,0.000140872
696,-2.12367,-2.12367,0.117091,1.55823,1.42011,-2.6987e-05
697,-0.33817,-0.33817,-0.0308357,1.40108,1.41209,-8.1675e-06
698,0.152753,0.152753,0.316938,1.37902,1.41766,4.38774e-06
699,1.40966,1.40966,0.929525,1.4522,1.43307,2.62676e-05
700,-0.319889,-0.319889,0.767708,1.52869,1.44865,1.92337e-06
701,3.13904,3.13904,2.36008,1.74875,1.47798,6.13885e-05
702,1.4752,1.4752,2.69606,1.86084,1.4944,4.48457e-05
703,6.99604,6.99604,5.00116,2.00287,1.51097,0.000141339
704,5.32395,5.32395,4.0887,1.75709,1.48492,0.000110484
705,-0.159177,-0.159177,1.18392,1.23426,1.42906,9.92087e-06
706,2.39943,2.39943,0.44543,0.819668,1.38553,3.44209e-05
707,-6.0044,-6.0044,-3.44468,0.282374,1.33412,-0.000115454
708,-5.09844,-5.09844,-3.2062,0.233373,1.33973,-0.000101613
709,1.04945,1.04945,0.0842919,0.598493,1.39535,1.79562e-05
710,5.26428,5.26428,1.81808,0.928587,1.45366,8.82411e-05
711,-6.37239,-6.37239,-2.00651,0.92193,1.48237,-0.000105733
712,1.67855,1.67855,1.21064,1.48182,1.5721,3.02493e-05
713,5.06074,5.06074,3.6731,2.02643,1.661,0.000101621
714,2.82734,2.82734,3.89743,2.33537,1.72349,7.51082e-05
715,8.2873,8.2873,5.8477,2.6061,1.7774,0.000164409
716,2.73899,2.73899,3.86315,2.43556,1.78074,7.48017e-05
717,6.28917,6.28917,3.69176,2.24146,1.77664,0.000116367
718,-3.58623,-3.58623,-0.669,1.73298,1.73747,-5.5979e-05
719,-0.240465,-0.240465,-0.324543,1.63763,1.73967,-9.85376e-06
720,-0.160483,-0.160483,-0.115695,1.68816,1.75725,-5.80929e-06
721,-1.64271,-1.64271,0.165393,1.88228,1.78973,-2.27163e-05
722,4.23526,4.23526,3.36277,2.35018,1.84888,8.76546e-05
723,6.7743,6.7743,5.15292,2.67166,1.88948,0.000140374
724,4.66364,4.66364,4.32795,2.6745,1.89214,0.000102463
725,2.35377,2.35377,2.96154,2.52283,1.87326,5.63268e-05
726,2.06109,2.06109,2.5754,2.3843,1.85065,4.89421e-05
727,3.1972,3.1972,3.0188,2.27088,1.82641,7.19474e-05
728,5.81559,5.81559,3.17445,2.0855,1.79152,0.000105153
729,-5.47426,-5.47426,-0.929796,1.61041,1.72537,-8.22398e-05
730,5.59895,5.59895,2.29574,1.68558,1.71514,9.37092e-05
731,-1.02243,-1.02243,0.19351,1.45681,1.67475,-1.27197e-05
732,-1.92777,-1.92777,0.0524751,1.42059,1.65531,-2.67339e-05
733,6.0127,6.0127,3.10538,1.64444,1.6637,0.000107913
734,-0.605026,-0.605026,1.46906,1.52901,1.63831,7.00355e-06
735,5.00478,5.00478,3.17804,1.57933,1.63035,9.59083e-05
736,2.04199,2.04199,1.94066,1.3636,1.59617,4.53325e-05
737,-0.579538,-0.579538,0.539859,1.09518,1.55853,-4.48335e-06
738,1.105,1.105,0.944535,0.956827,1.5375,2.34389e-05
739,2.15754,2.15754,1.0904,0.806969,1.51983,4.1614e-05
740,0.420208,0.420208,-0.484948,0.552212,1.4972,2.15448e-06
741,-4.77075,-4.77075,-3.52022,0.307708,1.48294,-0.000103866
742,-10.9755,-10.9755,-4.53851,0.457648,1.51727,-0.000192637
743,10.6919,10.6919,4.82549,1.4956,1.64865,0.000188989
744,5.46449,5.46449,4.72756,1.81928,1.70977,0.000124748
745,4.66249,4.66249,3.44104,1.85984,1.74173,9.44848e-05
746,-1.0692,-1.0692,0.18442,1.68271,1.75099,-1.79567e-05
747,-4.87373,-4.87373,-1.05023,1.71933,1.78216,-7.70473e-05
748,8.87497,8.87497,3.88206,2.26802,1.86504,0.000151734
749,-3.34307,-3.34307,0.761259,2.30356,1.89347,-3.73819e-05
750,5.8681,5.8681,4.26035,2.77767,1.96257,0.000114808
751,5.66095,5.66095,5.16628,3.01174,2.00133,0.000125359
752,6.55575,6.55575,5.27436,3.04005,2.01167,0.000135083
753,1.45637,1.45637,3.31567,2.7953,1.98669,5.001e-05
754,6.75719,6.75719,4.35585,2.65454,1.96584,0.00012988
755,0.904747,0.904747,1.52291,2.19513,1.90777,2.50572e-05
756,-1.96716,-1.96716,-0.312998,1.83594,1.85749,-3.31951e-05
757,0.303579,0.303579,0.519088,1.77213,1.83692,5.24451e-06
758,0.850767,0.850767,1.69877,1.82239,1.82827,2.98941e-05
759,8.69087,8.69087,4.2462,1.94812,1.82721,0.00015722
760,-2.95323,-2.95323,-0.3752,1.55014,1.77282,-4.43911e-05
761,-2.90686,-2.90686,-0.838479,1.50193,1.75515,-5.02172e-05
762,4.55421,4.55421,2.03434,1.79616,1.7737,7.60051e-05
763,-2.94016,-2.94016,0.842865,1.87616,1.77065,-2.94903e-05
764,10.7753,10.7753,5.75303,2.33025,1.8042,0.000196675
765,0.516867,0.516867,2.56283,2.12842,1.76805,3.12641e-05
766,2.04055,2.04055,2.67256,2.05176,1.74162,5.00802e-05
767,6.01684,6.01684,3.80165,1.97596,1.71287,0.000114104
768,-1.18077,-1.18077,1.35786,1.58631,1.65068,-7.06303e-07
769,6.94868,6.94868,3.00865,1.41158,1.61049,0.000121249
770,-3.29542,-3.29542,-1.69546,0.806786,1.52883,-6.12204e-05
771,-6.99848,-6.99848,-3.819,0.520608,1.48465,-0.000133894
772,-0.0124774,-0.0124774,-0.814342,0.818437,1.50637,-9.47168e-06
773,1.57005,1.57005,0.896988,1.1808,1.53989,2.9439e-05
774,0.406653,0.406653,1.52273,1.51294,1.57318,1.85642e-05
775,4.4685,4.4685,3.94861,1.93099,1.61552,9.65258e-05
776,7.36416,7.36416,5.53596,2.15196,1.63571,0.000151267
777,4.14159,4.14159,4.1746,1.9681,1.61139,9.51214e-05
778,3.31602,3.31602,2.86649,1.61543,1.56741,7.00643e-05
779,0.393462,0.393462,0.833341,1.13067,1.50985,1.32093e-05
780,0.409734,0.409734,-0.490331,0.703166,1.46097,-1.88953e-06
781,-6.57049,-6.57049,-3.26572,0.298455,1.42025,-0.000118998
782,1.56157,1.56157,-0.710835,0.427254,1.44161,1.13073e-05
783,-4.33278,-4.33278,-1.82112,0.467951,1.46203,-7.50423e-05
784,1.93585,1.93585,1.11966,0.881521,1.52748,3.36465e-05
785,1.95008,1.95008,2.74399,1.2132,1.58975,5.62923e-05
786,10.7774,10.7774,5.64884,1.48765,1.64922,0.00020056
787,-1.11492,-1.11492,0.281738,1.04056,1.63778,-1.10651e-05
788,-4.74874,-4.74874,-2.83268,0.76088,1.64772,-9.58278e-05
789,-4.48713,-4.48713,-2.85668,0.909136,1.70736,-9.31258e-05
790,-2.07431,-2.07431,-0.250921,1.47652,1.81512,-3.17449e-05
791,8.02331,8.02331,5.2958,2.3197,1.95309,0.000161897
792,10.7965,10.7965,6.4433,2.71988,2.04391,0.000207668
793,-3.10328,-3.10328,0.569586,2.49275,2.06673,-4.02752e-05
794,-1.60431,-1.60431,0.619838,2.70026,2.12972,-2.32369e-05
795,5.15889,5.15889,4.25742,3.24211,2.22171,0.000108324
796,9.26833,9.26833,6.44102,3.63508,2.29089,0.00018411
797,1.87093,1.87093,4.06444,3.59052,2.30586,6.20247e-05
798,6.44472,6.44472,5.22577,3.67951,2.32421,0.00013118
799,3.90014,3.90014,4.42104,3.55374,2.31054,9.21242e-05
800,4.92148,4.92148,4.4565,3.40106,2.28453,0.000106043
801,4.38456,4.38456,3.74197,3.13029,2.23803,9.19e-05
802,0.988572,0.988572,1.99101,2.7621,2.17486,2.88172e-05
803,1.11009,1.11009,1.85687,2.53165,2.1209,2.99972e-05
804,4.08346,4.08346,2.92722,2.41163,2.0748,8.13698e-05
805,2.08298,2.08298,2.13266,2.16175,2.01309,4.79274e-05
806,1.46239,1.46239,1.41825,1.91798,1.95083,3.09299e-05
807,-0.272589,-0.272589,0.632638,1.70961,1.89238,1.97176e-07
808,1.43513,1.43513,1.30707,1.65519,1.85074,2.74734e-05
809,-0.388279,-0.388279,1.77496,1.61786,1.81233,1.44884e-05
810,12.0936,12.0936,5.73193,1.73635,1.79101,0.000216256
811,-4.41426,-4.41426,-0.571815,1.0504,1.68966,-6.31301e-05
812,-0.607052,-0.607052,-0.678066,0.788886,1.63573,-1.99077e-05
813,-2.19698,-2.19698,-0.898856,0.635794,1.59922,-3.67166e-05
814,3.57523,3.57523,0.974108,0.702723,1.5922,5.77806e-05
815,-2.56645,-2.56645,-1.34829,0.546545,1.56978,-4.71724e-05
816,-3.1851,-3.1851,-1.70592,0.632153,1.57949,-6.19138e-05
817,0.101109,0.101109,0.322223,1.01425,1.62621,3.95841e-06
818,4.32826,4.32826,2.707,1.46726,1.68479,8.58056e-05
819,3.75146,3.75146,2.47685,1.69807,1.72282,7.36406e-05
820,-1.90032,-1.90032,0.190868,1.76938,1.7451,-2.67997e-05
821,0.653769,0.653769,1.27777,2.12573,1.7957,1.51523e-05
822,2.39549,2.39549,3.37113,2.59639,1.85517,6.32856e-05
823,10.3178,10.3178,7.03809,3.08267,1.91044,0.000206285
824,6.99209,6.99209,5.41525,3.00699,1.90039,0.000141361
825,-4.51302,-4.51302,1.24912,2.62179,1.85079,-4.98962e-05
826,12.6752,12.6752,6.37677,2.79075,1.85063,0.000224876
827,-2.72272,-2.72272,1.34559,2.19199,1.76638,-2.12198e-05
828,5.27699,5.27699,2.87621,1.97494,1.717,9.64476e-05
829,1.28094,1.28094,0.534582,1.50143,1.63996,2.35531e-05
830,-4.55612,-4.55612,-3.01084,1.04505,1.56572,-9.42834e-05
831,-7.96248,-7.96248,-4.06387,1.0237,1.53903,-0.000149988
832,2.30025,2.30025,1.17118,1.70032,1.58615,4.03864e-05
833,6.64892,6.64892,4.58515,2.33033,1.62773,0.000132302
834,3.01655,3.01655,4.67047,2.62492,1.6303,8.43621e-05
835,9.68146,9.68146,7.42339,2.8891,1.6221,0.000199302
836,8.2741,8.2741,6.53428,2.62571,1.55129,0.000172514
837,1.56187,1.56187,2.839,1.92361,1.42826,4.49095e-05
838,0.100002,0.100002,1.20361,1.24961,1.30418,1.30744e-05
839,5.26339,5.26339,1.34824,0.664903,1.18946,8.22168e-05
840,-9.21051,-9.21051,-4.82187,-0.27697,1.04309,-0.000168739
841,-3.74277,-3.74277,-3.91352,-0.524977,0.976375,-9.07872e-05
842,-4.13751,-4.13751,-3.28059,-0.523058,0.946325,-8.58077e-05
843,-0.933209,-0.933209,-1.26551,-0.240404,0.955769,-2.6144e-05
844,-1.84359,-1.84359,0.213591,0.0960595,0.979889,-1.72922e-05
845,12.0582,12.0582,5.01072,0.583175,1.02594,0.000210676
846,-5.57093,-5.57093,-1.559,0.179029,0.986292,-8.71108e-05
847,-1.96059,-1.96059,-1.65788,0.221481,0.997581,-4.69325e-05
848,-1.90421,-1.90421,-1.26852,0.433415,1.03185,-3.91665e-05
849,-0.199838,-0.199838,0.14614,0.826912,1.08893,-3.21236e-06
850,1.66108,1.66108,2.11883,1.30016,1.15603,4.40509e-05
851,8.37748,8.37748,4.82984,1.74537,1.21919,0.000158654
852,0.3636,0.3636,1.81885,1.67547,1.22675,2.22357e-05
853,0.902062,0.902062,1.15504,1.70745,1.24102,1.76694e-05
854,-0.995965,-0.995965,0.899243,1.802,1.25791,-8.47587e-06
855,4.30483,4.30483,3.70024,2.11386,1.29232,9.18054e-05
856,7.84779,7.84779,5.52608,2.25555,1.30332,0.000158698
857,3.79564,3.79564,3.60724,1.96289,1.26348,8.41385e-05
858,-0.12885,-0.12885,1.38452,1.52788,1.20397,9.82531e-06
859,2.90912,2.90912,1.60273,1.22155,1.15481,5.34367e-05
860,-0.237531,-0.237531,-0.286158,0.78414,1.09203,-5.52583e-06
861,-3.14081,-3.14081,-2.25347,0.426088,1.03957,-6.69259e-05
862,-5.61922,-5.61922,-2.78961,0.345075,1.01959,-0.000103451
863,3.34998,3.34998,1.23814,0.727309,1.05119,5.59873e-05
864,1.82858,1.82858,1.85971,0.90584,1.06492,4.57192e-05
865,4.499,4.499,2.53147,1.0127,1.07273,8.37851e-05
866,-1.88229,-1.88229,0.029787,0.848783,1.05391,-2.61381e-05
867,0.30147,0.30147,0.6121,0.896986,1.05791,8.76826e-06
868,3.49647,3.49647,1.69543,0.991443,1.06778,6.30886e-05
869,-1.0989,-1.0989,-0.126146,0.891334,1.05879,-1.64475e-05
870,-1.20488,-1.20488,-0.378768,0.945807,1.06655,-2.24772e-05
871,0.391255,0.391255,0.701048,1.16732,1.09197,1.07658e-05
872,3.11505,3.11505,2.28053,1.44912,1.12282,6.34968e-05
873,2.94545,2.94545,2.51401,1.60152,1.1382,6.47703e-05
874,3.38594,3.38594,2.05162,1.64953,1.13954,6.13805e-05
875,-4.40647,-4.40647,-0.56288,1.56269,1.12343,-6.89714e-05
876,2.94998,2.94998,3.02195,1.93946,1.15028,6.73584e-05
877,11.6473,11.6473,6.72287,2.23775,1.16315,0.000222161
878,1.69917,1.69917,2.48122,1.8052,1.09457,4.26997e-05
879,-6.33175,-6.33175,-0.49904,1.38089,1.02129,-8.9838e-05
880,14.4963,14.4963,5.92829,1.55561,1.00514,0.000247018
881,-6.89589,-6.89589,-1.46382,0.725235,0.884171,-0.000106375
882,-1.91022,-1.91022,-0.0945293,0.486788,0.823648,-2.79054e-05
883,10.5087,10.5087,4.20329,0.434516,0.784364,0.000184714
884,-2.81943,-2.81943,-1.66888,-0.400215,0.669534,-5.05352e-05
885,-8.67146,-8.67146,-5.68534,-1.04705,0.581809,-0.000174712
886,-6.60078,-6.60078,-4.88549,-1.10169,0.56597,-0.000136625
887,0.16536,0.16536,-1.31904,-0.729221,0.605809,-8.80186e-06
888,0.137164,0.137164,-0.146796,-0.426234,0.649069,3.09035e-06
889,0.644584,0.644584,0.567453,-0.167006,0.696306,1.54548e-05
890,1.92288,1.92288,1.1573,0.0291864,0.743945,3.87064e-05
891,1.47566,1.47566,0.512331,0.0782954,0.782425,2.56431e-05
892,-2.71261,-2.71261,-1.68639,0.0188711,0.815519,-5.30551e-05
893,-3.19284,-3.19284,-2.22993,0.171601,0.876023,-6.61274e-05
894,-1.76065,-1.76065,-1.22038,0.585647,0.968137,-3.61743e-05
895,1.13513,1.13513,0.660572,1.18193,1.08145,2.0208e-05
896,1.09363,1.09363,1.7761,1.78185,1.19435,3.05874e-05
897,4.82408,4.82408,3.99239,2.43522,1.30803,0.000100042
898,4.45166,4.45166,4.86725,2.90304,1.39439,0.000105694
899,8.92221,8.92221,6.4124,3.25059,1.457,0.000176857
900,1.50738,1.50738,3.90948,3.15762,1.46162,5.40204e-05
901,5.6639,5.6639,5.28089,3.19283,1.46588,0.000122909
902,8.35005,8.35005,6.03457,3.03611,1.43752,0.000167579
903,1.61351,1.61351,3.05359,2.46665,1.35547,4.98861e-05
904,3.28022,3.28022,2.39532,1.96346,1.27141,6.36003e-05
905,-0.679094,-0.679094,0.309806,1.358,1.17174,-7.21718e-06
906,-0.209762,-0.209762,-0.18071,0.910754,1.08646,-5.20362e-06
907,-0.199497,-0.199497,-0.624367,0.550542,1.01124,-8.35365e-06
908,-2.23796,-2.23796,-1.7533,0.248584,0.945429,-4.80768e-05
909,-4.06288,-4.06288,-2.10052,0.139757,0.904349,-7.36938e-05
910,3.4839,3.4839,0.717361,0.357348,0.901859,5.26463e-05
911,-3.03299,-3.03299,-0.926917,0.332099,0.879309,-4.93877e-05
912,0.534456,0.534456,0.825701,0.568217,0.887153,1.43336e-05
913,5.39208,5.39208,3.04807,0.806958,0.897737,0.000101211
914,0.287423,0.287423,1.48978,0.689572,0.873406,1.81014e-05
915,1.92281,1.92281,1.87076,0.603421,0.853627,4.40953e-05
916,4.63049,4.63049,2.16781,0.414794,0.825541,8.39047e-05
917,-2.53012,-2.53012,-1.5072,-0.101265,0.767896,-5.02594e-05
918,-7.1601,-7.1601,-3.53232,-0.428676,0.735872,-0.000130407
919,3.73285,3.73285,0.293795,-0.233258,0.765191,5.22734e-05
920,-2.83508,-2.83508,-1.42695,-0.345887,0.771454,-4.8192e-05
921,-0.271707,-0.271707,-0.876508,-0.265181,0.805736,-1.25696e-05
922,-1.92945,-1.92945,-1.30156,-0.183968,0.848389,-3.78454e-05
923,-0.733217,-0.733217,-0.713876,0.032816,0.912621,-1.7447e-05
924,-0.472035,-0.472035,-0.0950023,0.309098,0.98964,-8.19669e-06
925,0.741321,0.741321,1.13199,0.64605,1.07801,2.21049e-05
926,5.67962,5.67962,2.98909,0.975603,1.16901,0.000105201
927,-0.562882,-0.562882,0.506622,0.939795,1.22495,-3.83777e-06
928,-2.07267,-2.07267,-0.250838,1.0207,1.29479,-3.25671e-05
929,3.32472,3.32472,1.93014,1.34187,1.39079,6.2979e-05
930,3.04487,3.04487,1.86179,1.50902,1.47176,5.90437e-05
931,-1.43774,-1.43774,-0.114767,1.55689,1.54052,-2.32984e-05
932,-1.64418,-1.64418,0.0425064,1.83735,1.63241,-2.60164e-05
933,3.039,3.039,2.92024,2.38823,1.74975,6.81573e-05
934,8.84433,8.84433,5.60643,2.88855,1.85708,0.000169888
935,-0.06148,-0.06148,3.07021,2.92629,1.91013,2.88621e-05
936,9.11824,9.11824,5.58511,3.1961,1.97849,0.000168912
937,-1.57043,-1.57043,2.4014,3.00592,1.99139,6.7934e-07
938,8.32478,8.32478,5.62387,3.1712,2.03196,0.000162398
939,5.66369,5.66369,4.49003,2.93619,2.02364,0.000118779
940,0.218581,0.218581,1.46318,2.48934,1.98704,1.25746e-05
941,-1.75243,-1.75243,0.44374,2.21886,1.96418,-2.17359e-05
942,5.7625,5.7625,2.96651,2.25684,1.97019,0.000102959
943,-0.982421,-0.982421,0.979607,2.02252,1.94675,-2.40578e-06
944,4.0696,4.0696,2.15727,2.0216,1.94605,7.23139e-05
945,-1.48969,-1.48969,0.250511,1.86161,1.92887,-1.9142e-05
946,0.734434,0.734434,1.15053,1.96192,1.93823,1.83844e-05
947,3.84312,3.84312,2.72165,2.15756,1.95696,7.5526e-05
948,1.40087,1.40087,2.48397,2.22229,1.96102,4.30365e-05
949,6.49826,6.49826,3.99321,2.35082,1.96944,0.000122076
950,-1.17733,-1.17733,1.46205,2.15721,1.94268,-2.78808e-06
951,4.50989,4.50989,3.18796,2.2226,1.94015,8.90439e-05
952,4.0693,4.0693,2.78172,2.11033,1.91766,7.95479e-05
953,-2.15631,-2.15631,0.298734,1.84592,1.87846,-2.87895e-05
954,1.98136,1.98136,1.7755,1.89235,1.8706,3.95158e-05
955,2.784,2.784,2.92023,1.93187,1.86188,6.69828e-05
956,7.57062,7.57062,4.28468,1.90521,1.846,0.000143635
957,-0.530986,-0.530986,0.349244,1.43851,1.78564,-4.12346e-06
958,-4.07335,-4.07335,-2.16647,1.12479,1.74328,-8.08026e-05
959,-3.83899,-3.83899,-1.60657,1.2148,1.74611,-6.94747e-05
960,4.62121,4.62121,2.55401,1.69734,1.79233,8.69075e-05
961,4.97247,4.97247,3.38038,1.95279,1.81657,9.91522e-05
962,-0.292436,-0.292436,1.63885,1.97369,1.81629,8.74236e-06
963,2.4541,2.4541,3.01229,2.17061,1.8324,5.98979e-05
964,8.30515,8.30515,5.28603,2.34551,1.84367,0.000162336
965,3.09037,3.09037,2.69022,2.05752,1.80475,6.29029e-05
966,-6.14945,-6.14945,-0.550987,1.68931,1.75584,-8.84233e-05
967,11.7065,11.7065,5.23758,1.92994,1.76835,0.000205232
968,-1.12199,-1.12199,0.592361,1.41122,1.70364,-5.02958e-06
969,-0.852978,-0.852978,-1.28778,1.08925,1.66089,-3.08441e-05
970,-9.67994,-9.67994,-3.86922,0.918134,1.63767,-0.000167714
971,7.9015,7.9015,2.92147,1.57017,1.70237,0.000130596
972,-0.159148,-0.159148,1.67985,1.73045,1.71892,1.50461e-05
973,3.13921,3.13921,3.40435,2.0375,1.75005,7.22166e-05
974,7.36445,7.36445,5.5565,2.25898,1.77039,0.000154041
975,7.95112,7.95112,4.79259,2.08392,1.74727,0.000150712
976,-5.82121,-5.82121,-1.06573,1.45315,1.67596,-8.96272e-05
977,2.50437,2.50437,0.7461,1.38738,1.66289,3.61753e-05
978,-1.04759,-1.04759,-0.277992,1.23486,1.64328,-1.77085e-05
979,-1.51625,-1.51625,-0.0607906,1.25961,1.64458,-2.03851e-05
980,5.88162,5.88162,2.50392,1.49996,1.67043,9.98344e-05
981,-4.73723,-4.73723,-0.379269,1.39999,1.66357,-6.36146e-05
982,9.3516,9.3516,3.7665,1.7767,1.70643,0.000157596
983,-5.28067,-5.28067,-1.09594,1.56507,1.6899,-8.27995e-05
984,-0.708058,-0.708058,0.79116,1.88514,1.72752,-4.954e-06
985,9.34088,9.34088,5.09636,2.40663,1.78407,0.000172738
986,0.630627,0.630627,2.55554,2.38953,1.7819,3.18504e-05
987,2.34596,2.34596,3.11943,2.50905,1.78868,5.71978e-05
988,6.39562,6.39562,4.93086,2.64123,1.79114,0.000131005
989,4.79981,4.79981,4.37976,2.48181,1.75782,0.000105088
990,2.94782,2.94782,3.15115,2.14236,1.70086,6.73013e-05
991,2.04423,2.04423,2.2505,1.74034,1.63422,4.79011e-05
992,2.80914,2.80914,1.68254,1.31472,1.5644,5.26863e-05
993,-1.71619,-1.71619,-0.702499,0.773028,1.4849,-3.14759e-05
994,-2.96248,-2.96248,-1.45256,0.424673,1.43028,-5.4679e-05
995,1.63662,1.63662,0.232725,0.339399,1.40978,2.41353e-05
996,-0.700021,-0.700021,-0.346338,0.153369,1.38751,-9.87729e-06
997,0.879921,0.879921,-0.354944,0.0336226,1.38147,8.51593e-06
998,-3.96698,-3.96698,-2.35527,-0.151856,1.37932,-7.52307e-05
999,-1.66864,-1.66864,-1.75605,-0.0410144,1.41871,-4.10743e-05
1000,-2.40043,-2.40043,-1.29783,0.196245,1.48208,-4.50178e-05
1001,1.20751,1.20751,0.938788,0.635188,1.57561,2.70737e-05
1002,5.54153,5.54153,2.74198,1.02968,1.672,0.000102094
1003,-1.07634,-1.07634,0.0297642,1.07373,1.73833,-1.54507e-05
1004,-3.24912,-3.24912,-0.898408,1.28478,1.82653,-5.48675e-05
1005,3.64546,3.64546,1.96489,1.84798,1.95416,6.50507e-05
1006,1.5083,1.5083,2.11761,2.27157,2.06865,3.86566e-05
1007,2.44609,2.44609,3.25309,2.75445,2.1875,6.09208e-05
1008,6.85986,6.85986,5.69016,3.26127,2.30433,0.000145632
1009,8.22326,8.22326,6.24064,3.48859,2.38577,0.000170973
1010,4.62563,4.62563,3.59333,3.34817,2.42187,9.16449e-05
1011,-5.62444,-5.62444,-0.718969,3.10853,2.44084,-8.86748e-05
1012,3.33406,3.33406,2.88079,3.54718,2.52247,6.54544e-05
1013,6.35504,6.35504,5.74947,4.00238,2.5978,0.000141198
1014,11.2693,11.2693,7.64142,4.27485,2.64393,0.000220374
1015,-0.495563,-0.495563,3.6819,4.00406,2.62306,2.65532e-05
1016,9.39961,9.39961,6.46023,4.08275,2.62641,0.000181791
1017,3.72803,3.72803,4.49763,3.74848,2.57715,9.054e-05
1018,2.9265,2.9265,3.77633,3.41581,2.51894,7.29983e-05
1019,6.72433,6.72433,4.42573,3.12113,2.45757,0.000131217
1020,0.836831,0.836831,1.3677,2.5466,2.36305,2.39477e-05
1021,-1.54112,-1.54112,-0.83407,2.10487,2.28039,-3.3073e-05
1022,-4.25814,-4.25814,-1.89544,1.94632,2.22741,-8.00644e-05
1023,-0.00978527,-0.00978527,0.853998,2.26966,2.22483,5.89775e-06
1024,7.64827,7.64827,4.99663,2.77006,2.2396,0.000148723
1025,3.72321,3.72321,4.86243,2.89156,2.21235,9.84524e-05
1026,10.2004,10.2004,6.5657,2.94847,2.17336,0.000196469
1027,-0.336739,-0.336739,2.40647,2.44211,2.07202,1.945e-05
1028,5.45268,5.45268,2.67177,2.1516,1.98939,9.27028e-05
1029,-5.72645,-5.72645,-1.54825,1.60468,1.87985,-9.56367e-05
1030,0.0667491,0.0667491,0.970777,1.62718,1.8294,6.75253e-06
1031,8.09411,8.09411,4.94791,1.77087,1.79265,0.000158182
1032,5.40303,5.40303,3.85053,1.42344,1.70694,0.000112598
1033,0.143678,0.143678,0.2491,0.766909,1.59252,6.70601e-07
1034,-7.60892,-7.60892,-3.18229,0.158788,1.48935,-0.00013463
1035,3.10564,3.10564,0.526044,0.153984,1.45687,4.61174e-05
1036,0.882008,0.882008,0.0737358,-0.0800747,1.41157,1.57252e-05
1037,-2.66964,-2.66964,-1.68224,-0.388858,1.3704,-5.01935e-05
1038,-1.08947,-1.08947,-1.84563,-0.520494,1.3606,-3.2731e-05
1039,-4.92231,-4.92231,-3.22864,-0.607938,1.36985,-9.51358e-05
1040,-0.64433,-0.64433,-1.87991,-0.360285,1.42797,-2.78724e-05
1041,-4.81525,-4.81525,-2.52406,-0.0905709,1.50219,-8.70266e-05
1042,2.44551,2.44551,0.52726,0.546109,1.6255,3.68376e-05
1043,-0.500745,-0.500745,0.484631,1.03526,1.74243,-6.95538e-07
1044,3.09194,3.09194,2.03132,1.64372,1.87679,5.84968e-05
1045,0.54727,0.54727,1.86732,2.13969,2.00171,2.4497e-05
1046,5.35414,5.35414,3.83245,2.75935,2.13792,0.000105527
1047,2.58157,2.58157,3.34325,3.17747,2.24916,6.45359e-05
1048,4.22757,4.22757,4.08257,3.64187,2.3578,9.16913e-05
1049,4.67979,4.67979,4.58802,4.06078,2.45193,0.000100318
1050,2.42689,2.42689,4.94545,4.43161,2.52874,7.74469e-05
1051,14.2288,14.2288,9.36507,4.95815,2.60635,0.000274666
1052,2.70429,2.70429,5.9399,4.76463,2.59366,9.38799e-05
1053,12.0405,12.0405,7.73345,4.73114,2.58012,0.000228836
1054,-0.657147,-0.657147,2.58018,4.12994,2.49308,1.05607e-05
1055,0.585398,0.585398,2.6484,3.90055,2.43051,2.59203e-05
1056,7.96135,7.96135,6.04404,3.92864,2.38228,0.000161689
1057,7.40163,7.40163,6.34724,3.64352,2.2907,0.000160418
1058,5.79158,5.79158,4.94981,3.0665,2.15942,0.000125637
1059,3.50707,3.50707,2.1947,2.27783,1.99992,6.56994e-05
1060,-5.68878,-5.68878,-2.67715,1.39368,1.82871,-0.000106001
1061,-4.5265,-4.5265,-2.69152,1.05963,1.71591,-9.11206e-05
1062,0.397247,0.397247,0.253743,1.15945,1.6516,9.19989e-06
1063,6.27428,6.27428,2.96755,1.31847,1.59703,0.000113211
1064,-2.12999,-2.12999,0.347932,1.09257,1.50613,-2.29708e-05
1065,4.14701,4.14701,1.72496,1.11697,1.44347,6.61777e-05
1066,-5.65299,-5.65299,-0.804537,0.906023,1.35982,-8.38662e-05
1067,8.03191,8.03191,4.48605,1.20452,1.33064,0.000151139
1068,7.12165,7.12165,4.05751,0.972726,1.2494,0.000136455
1069,-4.9903,-4.9903,-1.31319,0.26335,1.12255,-7.68911e-05
1070,2.56027,2.56027,-0.753059,-0.0379758,1.04318,2.3111e-05
1071,-10.2301,-10.2301,-5.53702,-0.541107,0.952027,-0.000189586
1072,-2.20987,-2.20987,-2.75144,-0.291694,0.947745,-5.71287e-05
1073,0.480645,0.480645,-0.839374,0.106704,0.967994,-5.32876e-07
1074,-2.6874,-2.6874,-1.05637,0.476059,0.99203,-4.79439e-05
1075,0.0842575,0.0842575,1.35734,1.09112,1.04465,1.26072e-05
1076,8.66325,8.66325,5.82442,1.78438,1.10473,0.000173037
1077,7.54086,7.54086,5.71275,1.94336,1.10609,0.000157309
1078,2.11925,2.11925,2.65251,1.66759,1.05746,5.04669e-05
1079,-1.99496,-1.99496,0.452385,1.35673,1.00058,-2.37888e-05
1080,5.53266,5.53266,2.19958,1.3062,0.966977,9.18505e-05
1081,-4.73133,-4.73133,-1.42916,0.927405,0.8979,-7.85115e-05
1082,-0.323722,-0.323722,0.268174,0.988119,0.872556,-3.96451e-06
1083,5.4212,5.4212,2.92018,1.15072,0.856505,0.000100427
1084,0.538684,0.538684,1.53829,0.981642,0.804992,2.15454e-05
1085,1.01227,1.01227,1.76865,0.846965,0.755548,3.20142e-05
1086,7.5569,7.5569,3.21899,0.699448,0.70411,0.000131594
1087,-5.987,-5.987,-2.32731,0.0193138,0.599433,-0.000102389
1088,-2.31344,-2.31344,-1.97088,-0.194311,0.545926,-5.47469e-05
1089,-2.34256,-2.34256,-1.06192,-0.243342,0.514632,-3.94733e-05
1090,5.20095,5.20095,1.91257,-0.129328,0.505535,9.1471e-05
1091,0.296203,0.296203,-0.416775,-0.429316,0.45996,1.24431e-06
1092,-7.41535,-7.41535,-3.89608,-0.785655,0.415658,-0.000138452
1093,-1.59078,-1.59078,-1.69915,-0.627066,0.432193,-3.75399e-05
1094,2.75532,2.75532,0.32299,-0.393626,0.464444,4.20949e-05
1095,-2.85635,-2.85635,-1.57799,-0.404763,0.478898,-5.46231e-05
1096,-4.45246,-4.45246,-1.41708,-0.225487,0.519263,-7.06751e-05
1097,10.3121,10.3121,3.63959,0.282098,0.598252,0.000173587
1098,-5.53391,-5.53391,-2.0659,0.010652,0.601776,-9.29872e-05
1099,-4.60903,-4.60903,-2.17782,0.169851,0.652966,-8.38746e-05
1100,6.10036,6.10036,1.63157,0.700225,0.745037,9.50697e-05
1101,-6.06518,-6.06518,-1.76676,0.811171,0.795502,-9.90418e-05
1102,1.7008,1.7008,1.76785,1.4562,0.899267,3.57144e-05
1103,7.33727,7.33727,5.41062,2.08224,0.996805,0.000152099
1104,8.6061,8.6061,5.94589,2.30011,1.04509,0.000170875
1105,-1.06181,-1.06181,2.1905,2.02821,1.03463,5.17087e-06
1106,5.60279,5.60279,3.68077,1.9963,1.04045,0.000106372
1107,1.68433,1.68433,2.071,1.68428,1.01084,4.21598e-05
1108,1.12936,1.12936,1.08489,1.37225,0.975987,2.29101e-05
1109,-1.2704,-1.2704,0.0270646,1.07909,0.939947,-1.60244e-05
1110,3.63319,3.63319,1.06192,0.968412,0.921078,5.78259e-05
1111,-4.35582,-4.35582,-2.05042,0.650763,0.88114,-7.92955e-05
1112,-2.88873,-2.88873,-1.44436,0.721974,0.881886,-5.61821e-05
1113,1.75721,1.75721,1.49131,1.07363,0.911925,3.97716e-05
1114,7.8563,7.8563,3.99811,1.37219,0.935398,0.000143457
1115,-2.83114,-2.83114,0.282031,1.16713,0.905103,-3.77951e-05
1116,0.0277807,0.0277807,1.58719,1.27261,0.903835,1.29156e-05
1117,9.37874,9.37874,5.40752,1.47479,0.909373,0.000178011
1118,2.65249,2.65249,2.82267,1.06306,0.849113,6.57576e-05
1119,1.22999,1.22999,0.512301,0.527878,0.774844,1.83964e-05
1120,-6.22599,-6.22599,-2.95562,-0.0618338,0.697039,-0.000111361
1121,1.57358,1.57358,-1.14876,-0.172776,0.673017,6.32408e-06
1122,-7.99617,-7.99617,-3.73276,-0.419357,0.641999,-0.000141462
1123,2.77129,2.77129,0.559707,-0.0774482,0.678089,4.30641e-05
1124,3.10323,3.10323,1.28511,0.0431996,0.697918,5.69614e-05
1125,-2.19589,-2.19589,-0.921945,-0.0738246,0.69906,-3.89387e-05
1126,-2.52711,-2.52711,-1.07425,-0.0260284,0.722693,-4.44235e-05
1127,3.50798,3.50798,1.11678,0.216027,0.771572,5.77597e-05
1128,-1.60162,-1.60162,-0.548975,0.202397,0.799193,-2.58401e-05
1129,-1.02211,-1.02211,-0.51691,0.328884,0.845466,-1.96798e-05
1130,0.82532,0.82532,0.329995,0.560304,0.906247,1.41034e-05
1131,0.499827,0.499827,0.377989,0.771139,0.967657,8.95954e-06
1132,-1.27232,-1.27232,0.22947,1.00305,1.0327,-1.58687e-05
1133,3.80104,3.80104,2.50319,1.41168,1.11565,7.39305e-05
1134,3.11003,3.11003,2.6836,1.63474,1.17774,6.79319e-05
1135,2.53814,2.53814,2.17623,1.74321,1.22482,5.27565e-05
1136,-0.171113,-0.171113,1.08513,1.78993,1.2617,5.13468e-06
1137,1.78868,1.78868,2.02024,1.98897,1.3097,4.05262e-05
1138,4.15745,4.15745,3.32882,2.20357,1.35399,8.41825e-05
1139,1.71316,1.71316,3.30091,2.26641,1.37649,5.39321e-05
1140,8.7098,8.7098,5.83388,2.37222,1.39638,0.000172178
1141,4.53171,4.53171,3.72829,1.9858,1.35946,9.66937e-05
1142,-0.943232,-0.943232,0.326841,1.40163,1.29789,-1.34764e-05
1143,-3.29731,-3.29731,-1.0261,0.999587,1.25373,-5.45904e-05
1144,4.92472,4.92472,1.28421,0.931284,1.24492,7.61384e-05
1145,-5.96565,-5.96565,-2.27727,0.552811,1.20753,-9.99654e-05
1146,1.8225,1.8225,0.110246,0.680626,1.22587,2.36962e-05
1147,-0.491692,-0.491692,-0.263934,0.719752,1.23957,-7.85871e-06
1148,-0.458293,-0.458293,-0.270763,0.852971,1.26672,-1.11682e-05
1149,-1.64657,-1.64657,0.0248749,1.08804,1.30727,-2.38923e-05
1150,3.91132,3.91132,3.01639,1.5355,1.37077,8.05206e-05
1151,6.17525,6.17525,4.56447,1.79843,1.41453,0.000127695
1152,4.22624,4.22624,3.51452,1.72141,1.42131,8.97855e-05
1153,0.462686,0.462686,1.31663,1.44985,1.40629,1.58974e-05
1154,-0.735301,-0.735301,0.496062,1.25495,1.39861,-5.50239e-06
1155,4.32077,4.32077,1.66157,1.21464,1.4075,7.3459e-05
1156,-2.90841,-2.90841,-1.46197,0.933078,1.39376,-5.48681e-05
1157,-5.34766,-5.34766,-2.25255,0.949883,1.41345,-9.40791e-05
1158,5.92378,5.92378,1.949,1.45582,1.48566,9.38611e-05
1159,-4.79746,-4.79746,-0.260375,1.61473,1.52339,-6.61047e-05
1160,7.72968,7.72968,4.84813,2.27167,1.61023,0.000147846
1161,6.66713,6.66713,5.30896,2.50469,1.64952,0.000143772
1162,5.5256,5.5256,3.57921,2.41441,1.64984,0.000102748
1163,-7.7037,-7.7037,-1.28989,2.08248,1.62004,-0.000121482
1164,5.69931,5.69931,4.18587,2.51065,1.66268,0.000112138
1165,10.4082,10.4082,7.22061,2.69116,1.67396,0.00021408
1166,8.50832,8.50832,5.11411,2.27228,1.61739,0.000161951
1167,-8.26726,-8.26726,-2.46693,1.36905,1.50728,-0.000137499
1168,-0.0546683,-0.0546683,-0.692601,1.21428,1.47311,-1.19088e-05
1169,1.11843,1.11843,0.0528078,1.15806,1.4508,1.42008e-05
1170,-3.54975,-3.54975,-0.920527,1.10492,1.43108,-5.81147e-05
1171,2.87069,2.87069,2.34682,1.41331,1.45006,6.06607e-05
1172,7.87544,7.87544,4.76921,1.6085,1.45799,0.000151963
1173,0.951909,0.951909,2.18156,1.31694,1.41608,3.34801e-05
1174,1.18996,1.18996,1.57723,1.05374,1.37776,3.01793e-05
1175,3.60386,3.60386,1.59752,0.779951,1.34091,6.23058e-05
1176,-4.11637,-4.11637,-1.61821,0.286832,1.28648,-6.88339e-05
1177,1.32352,1.32352,-0.804662,0.135709,1.27402,8.20192e-06
1178,-6.05478,-6.05478,-3.42367,-0.107671,1.26117,-0.00011124
1179,0.298052,0.298052,-1.79894,0.11086,1.30516,-1.73925e-05
1180,-8.41484,-8.41484,-3.55647,0.314852,1.35698,-0.000146711
1181,5.31605,5.31605,2.52209,1.19688,1.48471,9.37507e-05
1182,5.13188,5.13188,4.09427,1.75897,1.58267,0.000110522
1183,4.59897,4.59897,3.99289,2.05909,1.65307,9.75258e-05
1184,1.31176,1.31176,2.91397,2.16193,1.70057,4.37199e-05
1185,6.58431,6.58431,4.41926,2.33081,1.7511,0.000126163
1186,0.256284,0.256284,2.43251,2.16932,1.76408,2.49761e-05
1187,4.86317,4.86317,3.95582,2.15641,1.78877,0.000103241
1188,7.49153,7.49153,4.01565,1.93327,1.78958,0.0001394
1189,-4.13906,-4.13906,-1.53077,1.27842,1.74609,-7.19394e-05
1190,-5.09271,-5.09271,-2.87027,1.04434,1.74832,-9.93057e-05
1191,0.525329,0.525329,-0.62518,1.28693,1.8037,-6.66781e-07
1192,-0.88895,-0.88895,-0.235754,1.58867,1.86901,-1.64884e-05
1193,-1.05797,-1.05797,1.20721,2.08285,1.95574,-2.45071e-06
1194,10.9854,10.9854,6.3037,2.82098,2.06589,0.000206823
1195,2.91606,2.91606,3.84912,2.92498,2.10675,7.55931e-05
1196,1.82529,1.82529,2.89946,3.02967,2.14131,4.64041e-05
1197,3.17595,3.17595,3.68232,3.22791,2.17834,7.25975e-05
1198,5.12966,5.12966,5.28191,3.43018,2.20761,0.000119417
1199,11.4507,11.4507,7.12706,3.50046,2.21418,0.000219636
1200,-1.11188,-1.11188,1.99856,2.95324,2.14899,2.61203e-06
1201,2.02819,2.02819,1.88691,2.72175,2.10914,3.90156e-05
1202,0.655849,0.655849,1.54741,2.54414,2.06992,2.02787e-05
1203,2.29334,2.29334,2.64589,2.51318,2.04168,5.49677e-05
1204,6.56564,6.56564,4.31301,2.49931,2.01149,0.000128222
1205,1.33134,1.33134,2.34686,2.1696,1.94591,4.08378e-05
1206,3.13795,3.13795,2.01864,1.905,1.88511,5.88654e-05
1207,-1.37258,-1.37258,-0.114923,1.54464,1.81458,-2.23536e-05
1208,-1.89384,-1.89384,-0.22001,1.41085,1.76881,-2.85906e-05
1209,5.00146,5.00146,2.37463,1.53374,1.75149,8.95758e-05
1210,0.296537,0.296537,0.732445,1.38729,1.70893,1.00561e-05
1211,-2.58082,-2.58082,-0.206662,1.32557,1.67734,-3.70561e-05
1212,5.87198,5.87198,2.68352,1.56725,1.67882,0.000103082
1213,-1.03577,-1.03577,0.431012,1.47458,1.64774,-8.26335e-06
1214,1.23306,1.23306,0.544289,1.57689,1.6375,1.69985e-05
1215,-3.34757,-3.34757,-0.45335,1.70591,1.6304,-5.37694e-05
1216,2.70788,2.70788,3.21711,2.22743,1.66197,6.52977e-05
1217,11.8371,11.8371,7.70889,2.71163,1.68542,0.000233565
1218,5.90772,5.90772,5.54229,2.48706,1.63,0.000134493
1219,3.41936,3.41936,2.78629,1.99681,1.54135,6.86838e-05
1220,-3.68848,-3.68848,-0.990806,1.39607,1.43811,-6.30581e-05
1221,-1.04142,-1.04142,-0.416819,1.19024,1.3747,-2.10913e-05
1222,2.07593,2.07593,1.16459,1.15775,1.33006,3.9352e-05
1223,1.69547,1.69547,1.27611,1.05394,1.27962,3.79446e-05
1224,2.54531,2.54531,0.711235,0.900304,1.22596,4.00031e-05
1225,-5.98594,-5.98594,-2.81182,0.618902,1.16204,-0.000110464
1226,-2.96742,-2.96742,-1.21532,0.850497,1.15366,-5.46161e-05
1227,5.51896,5.51896,3.20713,1.37863,1.17729,0.000104851
1228,4.75889,4.75889,3.90083,1.58518,1.16719,0.000102038
1229,2.80418,2.80418,3.21057,1.54523,1.12918,6.74262e-05
1230,3.85471,3.85471,3.17577,1.4075,1.07817,8.1963e-05
1231,3.45098,3.45098,2.04591,1.0797,1.00558,6.43421e-05
1232,-3.88572,-3.88572,-1.35019,0.567714,0.914,-6.61038e-05
1233,-0.107745,-0.107745,-0.656713,0.401629,0.859705,-1.05174e-05
1234,-1.56832,-1.56832,-0.848675,0.275107,0.812925,-3.05345e-05
1235,-0.973787,-0.973787,0.120089,0.291764,0.784645,-1.13085e-05
1236,5.6192,5.6192,2.85317,0.406716,0.770026,0.000103431
1237,0.596491,0.596491,1.12491,0.116815,0.717735,2.2028e-05
1238,1.55739,1.55739,0.248948,-0.210342,0.666386,2.25514e-05
1239,-4.67468,-4.67468,-2.73741,-0.674799,0.608114,-8.81545e-05
1240,-2.2274,-2.2274,-2.59913,-0.828586,0.590884,-5.53012e-05
1241,-3.61136,-3.61136,-3.06043,-0.873727,0.595548,-7.77025e-05
1242,-4.15296,-4.15296,-2.63313,-0.706237,0.632895,-7.84742e-05
1243,3.33141,3.33141,0.245529,-0.271039,0.707422,4.68208e-05
1244,-4.84726,-4.84726,-1.85304,-0.115644,0.761564,-7.90087e-05
1245,4.08257,4.08257,0.877769,0.407257,0.85928,5.93394e-05
1246,-5.69199,-5.69199,-1.56045,0.644696,0.931955,-9.18175e-05
1247,3.79468,3.79468,2.66513,1.3743,1.05609,7.61691e-05
1248,9.057,9.057,5.06885,1.91592,1.15895,0.000170489
1249,-1.70424,-1.70424,1.04007,1.9029,1.20045,-1.6185e-05
1250,-0.825606,-0.825606,1.4376,2.17004,1.26452,-2.16256e-06
1251,8.25258,8.25258,5.48546,2.66985,1.34482,0.00016189
1252,6.09341,6.09341,5.07023,2.73605,1.37146,0.000130756
1253,2.60903,2.60903,3.00469,2.54148,1.36142,5.98709e-05
1254,-0.230427,-0.230427,1.57732,2.34167,1.34168,8.08943e-06
1255,3.85595,3.85595,3.06568,2.34163,1.33416,7.90227e-05
1256,4.65548,4.65548,3.27943,2.22397,1.30704,9.01991e-05
1257,-2.26416,-2.26416,1.27372,1.91746,1.25392,-1.92132e-05
1258,8.2832,8.2832,4.97428,1.93573,1.22812,0.000159298
1259,5.77941,5.77941,3.33786,1.461,1.14751,0.000112213
1260,-4.42337,-4.42337,-2.23654,0.650857,1.03092,-8.23615e-05
1261,-6.28143,-6.28143,-4.2838,0.234829,0.956706,-0.000131294
1262,-5.70055,-5.70055,-3.10908,0.324917,0.93872,-0.000106722
1263,5.91303,5.91303,2.24543,0.883003,0.972314,0.000100148
1264,0.0200889,0.0200889,1.68445,1.05041,0.967524,1.97909e-05
1265,6.24099,6.24099,3.80792,1.29784,0.970095,0.000119341
1266,1.81923,1.81923,2.00709,1.16133,0.931717,4.25708e-05
1267,-1.28951,-1.28951,0.509235,0.973725,0.886444,-1.32179e-05
1268,4.46678,4.46678,1.91259,0.961905,0.858076,7.38154e-05
1269,-4.81818,-4.81818,-0.803726,0.677862,0.801672,-7.32154e-05
1270,4.66607,4.66607,2.95488,0.820696,0.788928,9.18123e-05
1271,8.17165,8.17165,3.9535,0.66486,0.746064,0.000149071
1272,-5.64279,-5.64279,-1.85133,-0.0740279,0.645511,-9.13872e-05
1273,-0.115057,-0.115057,-1.5409,-0.38039,0.593811,-1.88401e-05
1274,-4.75087,-4.75087,-3.53023,-0.70736,0.547618,-9.77864e-05
1275,-5.47823,-5.47823,-3.55077,-0.720271,0.542588,-0.000107044
1276,1.42535,1.42535,-0.462491,-0.363632,0.584332,1.71879e-05
1277,0.887449,0.887449,-0.419125,-0.145943,0.619543,7.52274e-06
1278,-6.747,-6.747,-2.48314,-0.0085172,0.652672,-0.00011507
1279,4.65694,4.65694,2.33006,0.652286,0.743288,8.26627e-05
1280,3.91206,3.91206,3.39023,1.00205,0.8035,8.94201e-05
1281,6.55198,6.55198,3.60872,1.12579,0.839562,0.000121549
1282,-4.15218,-4.15218,-0.919967,0.828081,0.831245,-6.62047e-05
1283,-0.458859,-0.458859,-0.23541,0.917188,0.861644,-1.39515e-05
1284,-0.344402,-0.344402,0.809547,1.11317,0.902301,3.12102e-06
1285,6.28632,6.28632,3.71571,1.42237,0.952643,0.000120192
1286,2.58186,2.58186,2.47574,1.35378,0.96155,5.95122e-05
1287,0.854319,0.854319,1.06459,1.1898,0.957868,2.02003e-05
1288,-0.267733,-0.267733,-0.00739313,1.05189,0.954991,-7.31535e-06
1289,-2.96849,-2.96849,-0.659478,1.01646,0.961613,-4.76863e-05
1290,4.21033,4.21033,2.41265,1.29055,0.998767,8.02282e-05
1291,4.64356,4.64356,2.5853,1.33786,1.01097,8.65648e-05
1292,-4.00417,-4.00417,-0.561827,1.12842,0.994955,-5.90278e-05
1293,4.2489,4.2489,1.84321,1.31762,1.01778,7.16262e-05
1294,-0.756566,-0.756566,0.368119,1.27916,1.01549,-7.24046e-06
1295,-0.0725639,-0.0725639,0.70703,1.3988,1.02698,2.47285e-06
1296,2.37662,2.37662,2.30335,1.63273,1.04701,5.01366e-05
1297,2.75977,2.75977,3.7815,1.80888,1.05671,7.42754e-05
1298,11.4933,11.4933,6.9076,1.91118,1.05317,0.000220411
1299,1.60523,1.60523,2.63736,1.26922,0.968532,4.7726e-05
1300,-0.805483,-0.805483,0.0318428,0.601177,0.878946,-1.19337e-05
1301,-0.30465,-0.30465,-1.22315,0.0423837,0.802445,-1.65775e-05
1302,-5.64199,-5.64199,-3.95959,-0.489455,0.734545,-0.000112602
1303,-4.01089,-4.01089,-3.98249,-0.621098,0.716183,-9.30805e-05
